public_sku,manufacturer_mpn,manufacturer,shipping_class,packaged_weight_lb,dimensional_weight_lb,billed_weight_lb,length_in,width_in,height_in,packaging_assumption,dimensional_weight_concerns,suggested_ups_ground_flat,suggested_rate_range,manual_quote_required,shipping_evidence_urls
"C4-CJM","C4-CJM","Antennas Direct","small","9.86","10","10","21.6","12.2","5.2","Supplier dimensions and estimated ship weight are screening inputs only; no packaging adder was invented. Verify a packed unit before activation.","DIM weight 10 lb exceeds supplier estimated ship weight 9.86 lb. Within the 130-in large-package screening threshold.","","Not proposed—requires origin ZIP, destination zone, negotiated account rate, and surcharge validation.","false","https://www.ups.com/us/en/support/shipping-support/shipping-dimensions-weight | https://www.ups.com/us/en/support/shipping-support/shipping-costs-rates/daily-rates"
"C4-V-CJM","C4-V-CJM","Antennas Direct","small","9.9","10","10","21.6","12.2","5.2","Supplier dimensions and estimated ship weight are screening inputs only; no packaging adder was invented. Verify a packed unit before activation.","DIM weight 10 lb exceeds supplier estimated ship weight 9.9 lb. Within the 130-in large-package screening threshold.","","Not proposed—requires origin ZIP, destination zone, negotiated account rate, and surcharge validation.","false","https://www.ups.com/us/en/support/shipping-support/shipping-dimensions-weight | https://www.ups.com/us/en/support/shipping-support/shipping-costs-rates/daily-rates"
"C5","C5","Antennas Direct","medium","12.31","13","13","29.5","23.2","2.5","Supplier dimensions and estimated ship weight are screening inputs only; no packaging adder was invented. Verify a packed unit before activation.","DIM weight 13 lb exceeds supplier estimated ship weight 12.31 lb. Within the 130-in large-package screening threshold.","","Not proposed—requires origin ZIP, destination zone, negotiated account rate, and surcharge validation.","false","https://www.ups.com/us/en/support/shipping-support/shipping-dimensions-weight | https://www.ups.com/us/en/support/shipping-support/shipping-costs-rates/daily-rates"
"CJMOUNT","CJMOUNT","Antennas Direct","small","2.18","2","3","19.8","5.1","2.6","Supplier dimensions and estimated ship weight are screening inputs only; no packaging adder was invented. Verify a packed unit before activation.","No DIM-weight uplift indicated by recorded dimensions. Within the 130-in large-package screening threshold.","","Not proposed—requires origin ZIP, destination zone, negotiated account rate, and surcharge validation.","false","https://www.ups.com/us/en/support/shipping-support/shipping-dimensions-weight | https://www.ups.com/us/en/support/shipping-support/shipping-costs-rates/daily-rates"
"DB8-E","DB8-E","Antennas Direct","large","25.29","26","26","37.4","23.5","4","Supplier dimensions and estimated ship weight are screening inputs only; no packaging adder was invented. Verify a packed unit before activation.","DIM weight 26 lb exceeds supplier estimated ship weight 25.29 lb. Within the 130-in large-package screening threshold.","","Not proposed—requires origin ZIP, destination zone, negotiated account rate, and surcharge validation.","false","https://www.ups.com/us/en/support/shipping-support/shipping-dimensions-weight | https://www.ups.com/us/en/support/shipping-support/shipping-costs-rates/daily-rates"
"MAST40","MAST40","Antennas Direct","large","8.61","9","9","39.9","7.5","4","Supplier dimensions and estimated ship weight are screening inputs only; no packaging adder was invented. Verify a packed unit before activation.","DIM weight 9 lb exceeds supplier estimated ship weight 8.61 lb. Within the 130-in large-package screening threshold.","","Not proposed—requires origin ZIP, destination zone, negotiated account rate, and surcharge validation.","false","https://www.ups.com/us/en/support/shipping-support/shipping-dimensions-weight | https://www.ups.com/us/en/support/shipping-support/shipping-costs-rates/daily-rates"
"BK350","BK350","APC","medium","13","7","13","14.2","9.5","7","Supplier dimensions and estimated ship weight are screening inputs only; no packaging adder was invented. Verify a packed unit before activation.","No DIM-weight uplift indicated by recorded dimensions. Within the 130-in large-package screening threshold.","","Not proposed—requires origin ZIP, destination zone, negotiated account rate, and surcharge validation.","false","https://www.ups.com/us/en/support/shipping-support/shipping-dimensions-weight | https://www.ups.com/us/en/support/shipping-support/shipping-costs-rates/daily-rates"
"BE550G","BE550G","APC","medium","14.25","6","15","15.3","9.1","5.3","Supplier dimensions and estimated ship weight are screening inputs only; no packaging adder was invented. Verify a packed unit before activation.","No DIM-weight uplift indicated by recorded dimensions. Within the 130-in large-package screening threshold.","","Not proposed—requires origin ZIP, destination zone, negotiated account rate, and surcharge validation.","false","https://www.ups.com/us/en/support/shipping-support/shipping-dimensions-weight | https://www.ups.com/us/en/support/shipping-support/shipping-costs-rates/daily-rates"
"BE650G1","BE650G1","APC","medium","15.3","6","16","15.2","9.1","5.5","Supplier dimensions and estimated ship weight are screening inputs only; no packaging adder was invented. Verify a packed unit before activation.","No DIM-weight uplift indicated by recorded dimensions. Within the 130-in large-package screening threshold.","","Not proposed—requires origin ZIP, destination zone, negotiated account rate, and surcharge validation.","false","https://www.ups.com/us/en/support/shipping-support/shipping-dimensions-weight | https://www.ups.com/us/en/support/shipping-support/shipping-costs-rates/daily-rates"
"BK500","BK500","APC","medium","14.5","7","15","14.2","9.4","7","Supplier dimensions and estimated ship weight are screening inputs only; no packaging adder was invented. Verify a packed unit before activation.","No DIM-weight uplift indicated by recorded dimensions. Within the 130-in large-package screening threshold.","","Not proposed—requires origin ZIP, destination zone, negotiated account rate, and surcharge validation.","false","https://www.ups.com/us/en/support/shipping-support/shipping-dimensions-weight | https://www.ups.com/us/en/support/shipping-support/shipping-costs-rates/daily-rates"
"BR1500MS2","BR1500MS2","APC","medium","31.7","18","32","19.1","14","9","Supplier dimensions and estimated ship weight are screening inputs only; no packaging adder was invented. Verify a packed unit before activation.","No DIM-weight uplift indicated by recorded dimensions. Within the 130-in large-package screening threshold.","","Not proposed—requires origin ZIP, destination zone, negotiated account rate, and surcharge validation.","false","https://www.ups.com/us/en/support/shipping-support/shipping-dimensions-weight | https://www.ups.com/us/en/support/shipping-support/shipping-costs-rates/daily-rates"
"BX1000M","BX1000M","APC","medium","18.5","7","19","17.2","10","5.6","Supplier dimensions and estimated ship weight are screening inputs only; no packaging adder was invented. Verify a packed unit before activation.","No DIM-weight uplift indicated by recorded dimensions. Within the 130-in large-package screening threshold.","","Not proposed—requires origin ZIP, destination zone, negotiated account rate, and surcharge validation.","false","https://www.ups.com/us/en/support/shipping-support/shipping-dimensions-weight | https://www.ups.com/us/en/support/shipping-support/shipping-costs-rates/daily-rates"
"BX850M","BX850M","APC","medium","18","7","18","17.2","10.1","5.6","Supplier dimensions and estimated ship weight are screening inputs only; no packaging adder was invented. Verify a packed unit before activation.","No DIM-weight uplift indicated by recorded dimensions. Within the 130-in large-package screening threshold.","","Not proposed—requires origin ZIP, destination zone, negotiated account rate, and surcharge validation.","false","https://www.ups.com/us/en/support/shipping-support/shipping-dimensions-weight | https://www.ups.com/us/en/support/shipping-support/shipping-costs-rates/daily-rates"
"ATCRL32102","ATCRL32102","At&t","small","1.71","2","2","9","6","4.4","Supplier dimensions and estimated ship weight are screening inputs only; no packaging adder was invented. Verify a packed unit before activation.","DIM weight 2 lb exceeds supplier estimated ship weight 1.71 lb. Within the 130-in large-package screening threshold.","","Not proposed—requires origin ZIP, destination zone, negotiated account rate, and surcharge validation.","false","https://www.ups.com/us/en/support/shipping-support/shipping-dimensions-weight | https://www.ups.com/us/en/support/shipping-support/shipping-costs-rates/daily-rates"
"P300","P300","Clarity","small","2.55","3","3","10.5","9.8","2.8","Supplier dimensions and estimated ship weight are screening inputs only; no packaging adder was invented. Verify a packed unit before activation.","DIM weight 3 lb exceeds supplier estimated ship weight 2.55 lb. Within the 130-in large-package screening threshold.","","Not proposed—requires origin ZIP, destination zone, negotiated account rate, and surcharge validation.","false","https://www.ups.com/us/en/support/shipping-support/shipping-dimensions-weight | https://www.ups.com/us/en/support/shipping-support/shipping-costs-rates/daily-rates"
"52703","52703","Clarity","small","1.15","1","2","7.7","4.9","3.5","Supplier dimensions and estimated ship weight are screening inputs only; no packaging adder was invented. Verify a packed unit before activation.","No DIM-weight uplift indicated by recorded dimensions. Within the 130-in large-package screening threshold.","","Not proposed—requires origin ZIP, destination zone, negotiated account rate, and surcharge validation.","false","https://www.ups.com/us/en/support/shipping-support/shipping-dimensions-weight | https://www.ups.com/us/en/support/shipping-support/shipping-costs-rates/daily-rates"
"53712","53712","Clarity","small","1.65","2","2","7.5","4.7","4","Supplier dimensions and estimated ship weight are screening inputs only; no packaging adder was invented. Verify a packed unit before activation.","DIM weight 2 lb exceeds supplier estimated ship weight 1.65 lb. Within the 130-in large-package screening threshold.","","Not proposed—requires origin ZIP, destination zone, negotiated account rate, and surcharge validation.","false","https://www.ups.com/us/en/support/shipping-support/shipping-dimensions-weight | https://www.ups.com/us/en/support/shipping-support/shipping-costs-rates/daily-rates"
"53714","53714","Clarity","small","1.6","2","2","7.5","4.7","4","Supplier dimensions and estimated ship weight are screening inputs only; no packaging adder was invented. Verify a packed unit before activation.","DIM weight 2 lb exceeds supplier estimated ship weight 1.6 lb. Within the 130-in large-package screening threshold.","","Not proposed—requires origin ZIP, destination zone, negotiated account rate, and surcharge validation.","false","https://www.ups.com/us/en/support/shipping-support/shipping-dimensions-weight | https://www.ups.com/us/en/support/shipping-support/shipping-costs-rates/daily-rates"
"54505.001","54505.001","Clarity","small","5.59","5","6","13","11.7","4.3","Supplier dimensions and estimated ship weight are screening inputs only; no packaging adder was invented. Verify a packed unit before activation.","No DIM-weight uplift indicated by recorded dimensions. Within the 130-in large-package screening threshold.","","Not proposed—requires origin ZIP, destination zone, negotiated account rate, and surcharge validation.","false","https://www.ups.com/us/en/support/shipping-support/shipping-dimensions-weight | https://www.ups.com/us/en/support/shipping-support/shipping-costs-rates/daily-rates"
"59865.001","59865.001","Clarity","small","5.23","4","6","11.5","10.1","4.6","Supplier dimensions and estimated ship weight are screening inputs only; no packaging adder was invented. Verify a packed unit before activation.","No DIM-weight uplift indicated by recorded dimensions. Within the 130-in large-package screening threshold.","","Not proposed—requires origin ZIP, destination zone, negotiated account rate, and surcharge validation.","false","https://www.ups.com/us/en/support/shipping-support/shipping-dimensions-weight | https://www.ups.com/us/en/support/shipping-support/shipping-costs-rates/daily-rates"
"59234.001","59234.001","Clarity","small","5.23","4","6","10.9","10.4","3.8","Supplier dimensions and estimated ship weight are screening inputs only; no packaging adder was invented. Verify a packed unit before activation.","No DIM-weight uplift indicated by recorded dimensions. Within the 130-in large-package screening threshold.","","Not proposed—requires origin ZIP, destination zone, negotiated account rate, and surcharge validation.","false","https://www.ups.com/us/en/support/shipping-support/shipping-dimensions-weight | https://www.ups.com/us/en/support/shipping-support/shipping-costs-rates/daily-rates"
"CP1500AVRLCD3","CP1500AVRLCD3","Cyberpower","medium","26.6","15","27","18.1","14.6","7.7","Supplier dimensions and estimated ship weight are screening inputs only; no packaging adder was invented. Verify a packed unit before activation.","No DIM-weight uplift indicated by recorded dimensions. Within the 130-in large-package screening threshold.","","Not proposed—requires origin ZIP, destination zone, negotiated account rate, and surcharge validation.","false","https://www.ups.com/us/en/support/shipping-support/shipping-dimensions-weight | https://www.ups.com/us/en/support/shipping-support/shipping-costs-rates/daily-rates"
"45-0001-UWH","45-0001-UWH","Datacomm Electronics","small","0.32","1","1","5","3","3","Supplier dimensions and estimated ship weight are screening inputs only; no packaging adder was invented. Verify a packed unit before activation.","DIM weight 1 lb exceeds supplier estimated ship weight 0.32 lb. Within the 130-in large-package screening threshold.","","Not proposed—requires origin ZIP, destination zone, negotiated account rate, and surcharge validation.","false","https://www.ups.com/us/en/support/shipping-support/shipping-dimensions-weight | https://www.ups.com/us/en/support/shipping-support/shipping-costs-rates/daily-rates"
"50-3321-WH-KIT","50-3321-WH-KIT","Datacomm Electronics","small","1.52","2","2","8.2","5.5","4.7","Supplier dimensions and estimated ship weight are screening inputs only; no packaging adder was invented. Verify a packed unit before activation.","DIM weight 2 lb exceeds supplier estimated ship weight 1.52 lb. Within the 130-in large-package screening threshold.","","Not proposed—requires origin ZIP, destination zone, negotiated account rate, and surcharge validation.","false","https://www.ups.com/us/en/support/shipping-support/shipping-dimensions-weight | https://www.ups.com/us/en/support/shipping-support/shipping-costs-rates/daily-rates"
"50-3323-WH-KIT","50-3323-WH-KIT","Datacomm Electronics","small","3.63","3","4","9.1","5.9","5.8","Supplier dimensions and estimated ship weight are screening inputs only; no packaging adder was invented. Verify a packed unit before activation.","No DIM-weight uplift indicated by recorded dimensions. Within the 130-in large-package screening threshold.","","Not proposed—requires origin ZIP, destination zone, negotiated account rate, and surcharge validation.","false","https://www.ups.com/us/en/support/shipping-support/shipping-dimensions-weight | https://www.ups.com/us/en/support/shipping-support/shipping-costs-rates/daily-rates"
"50-6623-WH-KIT","50-6623-WH-KIT","Datacomm Electronics","small","3.63","3","4","9.3","7.4","5.4","Supplier dimensions and estimated ship weight are screening inputs only; no packaging adder was invented. Verify a packed unit before activation.","No DIM-weight uplift indicated by recorded dimensions. Within the 130-in large-package screening threshold.","","Not proposed—requires origin ZIP, destination zone, negotiated account rate, and surcharge validation.","false","https://www.ups.com/us/en/support/shipping-support/shipping-dimensions-weight | https://www.ups.com/us/en/support/shipping-support/shipping-costs-rates/daily-rates"
"500256","500256","Eagle Aspen","small","0.72","1","1","3.9","3.1","2.8","Supplier dimensions and estimated ship weight are screening inputs only; no packaging adder was invented. Verify a packed unit before activation.","DIM weight 1 lb exceeds supplier estimated ship weight 0.72 lb. Within the 130-in large-package screening threshold.","","Not proposed—requires origin ZIP, destination zone, negotiated account rate, and surcharge validation.","false","https://www.ups.com/us/en/support/shipping-support/shipping-dimensions-weight | https://www.ups.com/us/en/support/shipping-support/shipping-costs-rates/daily-rates"
"DTV2BUHF","DTV2BUHF","Eagle Aspen","small","8.93","5","9","19.8","12.8","2.6","Supplier dimensions and estimated ship weight are screening inputs only; no packaging adder was invented. Verify a packed unit before activation.","No DIM-weight uplift indicated by recorded dimensions. Within the 130-in large-package screening threshold.","","Not proposed—requires origin ZIP, destination zone, negotiated account rate, and surcharge validation.","false","https://www.ups.com/us/en/support/shipping-support/shipping-dimensions-weight | https://www.ups.com/us/en/support/shipping-support/shipping-costs-rates/daily-rates"
"500302","500302","Eagle Aspen","small","0.15","1","1","2.25","2.25","0.75","Supplier dimensions and estimated ship weight are screening inputs only; no packaging adder was invented. Verify a packed unit before activation.","DIM weight 1 lb exceeds supplier estimated ship weight 0.15 lb. Within the 130-in large-package screening threshold.","","Not proposed—requires origin ZIP, destination zone, negotiated account rate, and surcharge validation.","false","https://www.ups.com/us/en/support/shipping-support/shipping-dimensions-weight | https://www.ups.com/us/en/support/shipping-support/shipping-costs-rates/daily-rates"
"500303","500303","Eagle Aspen","small","0.21","1","1","3","2","0.5","Supplier dimensions and estimated ship weight are screening inputs only; no packaging adder was invented. Verify a packed unit before activation.","DIM weight 1 lb exceeds supplier estimated ship weight 0.21 lb. Within the 130-in large-package screening threshold.","","Not proposed—requires origin ZIP, destination zone, negotiated account rate, and surcharge validation.","false","https://www.ups.com/us/en/support/shipping-support/shipping-dimensions-weight | https://www.ups.com/us/en/support/shipping-support/shipping-costs-rates/daily-rates"
"500308","500308","Eagle Aspen","small","0.13","1","1","2.3","2","0.6","Supplier dimensions and estimated ship weight are screening inputs only; no packaging adder was invented. Verify a packed unit before activation.","DIM weight 1 lb exceeds supplier estimated ship weight 0.13 lb. Within the 130-in large-package screening threshold.","","Not proposed—requires origin ZIP, destination zone, negotiated account rate, and surcharge validation.","false","https://www.ups.com/us/en/support/shipping-support/shipping-dimensions-weight | https://www.ups.com/us/en/support/shipping-support/shipping-costs-rates/daily-rates"
"500312","500312","Eagle Aspen","small","0.2","1","1","3","1.8","0.6","Supplier dimensions and estimated ship weight are screening inputs only; no packaging adder was invented. Verify a packed unit before activation.","DIM weight 1 lb exceeds supplier estimated ship weight 0.2 lb. Within the 130-in large-package screening threshold.","","Not proposed—requires origin ZIP, destination zone, negotiated account rate, and surcharge validation.","false","https://www.ups.com/us/en/support/shipping-support/shipping-dimensions-weight | https://www.ups.com/us/en/support/shipping-support/shipping-costs-rates/daily-rates"
"EIS3-1004-WHT","EIS3-1004-WHT","Energizer Connect","small","1.38","1","2","14.7","4.2","2.2","Supplier dimensions and estimated ship weight are screening inputs only; no packaging adder was invented. Verify a packed unit before activation.","No DIM-weight uplift indicated by recorded dimensions. Within the 130-in large-package screening threshold.","","Not proposed—requires origin ZIP, destination zone, negotiated account rate, and surcharge validation.","false","https://www.ups.com/us/en/support/shipping-support/shipping-dimensions-weight | https://www.ups.com/us/en/support/shipping-support/shipping-costs-rates/daily-rates"
"AS-HP-5R","AS-HP-5R","Helios","small","1","1","1","6.4","4.5","2.8","Supplier dimensions and estimated ship weight are screening inputs only; no packaging adder was invented. Verify a packed unit before activation.","No DIM-weight uplift indicated by recorded dimensions. Within the 130-in large-package screening threshold.","","Not proposed—requires origin ZIP, destination zone, negotiated account rate, and surcharge validation.","false","https://www.ups.com/us/en/support/shipping-support/shipping-dimensions-weight | https://www.ups.com/us/en/support/shipping-support/shipping-costs-rates/daily-rates"
"CS-1X4HDMSPL5","CS-1X4HDMSPL5","Ethereal","small","1.1","2","2","8.6","7.4","2.4","Supplier dimensions and estimated ship weight are screening inputs only; no packaging adder was invented. Verify a packed unit before activation.","DIM weight 2 lb exceeds supplier estimated ship weight 1.1 lb. Within the 130-in large-package screening threshold.","","Not proposed—requires origin ZIP, destination zone, negotiated account rate, and surcharge validation.","false","https://www.ups.com/us/en/support/shipping-support/shipping-dimensions-weight | https://www.ups.com/us/en/support/shipping-support/shipping-costs-rates/daily-rates"
"CS-C5DE","CS-C5DE","Ethereal","small","0.76","1","1","8.2","6","2.1","Supplier dimensions and estimated ship weight are screening inputs only; no packaging adder was invented. Verify a packed unit before activation.","DIM weight 1 lb exceeds supplier estimated ship weight 0.76 lb. Within the 130-in large-package screening threshold.","","Not proposed—requires origin ZIP, destination zone, negotiated account rate, and surcharge validation.","false","https://www.ups.com/us/en/support/shipping-support/shipping-dimensions-weight | https://www.ups.com/us/en/support/shipping-support/shipping-costs-rates/daily-rates"
"CS-DAC2","CS-DAC2","Ethereal","small","0.63","1","1","7.5","4.8","2.2","Supplier dimensions and estimated ship weight are screening inputs only; no packaging adder was invented. Verify a packed unit before activation.","DIM weight 1 lb exceeds supplier estimated ship weight 0.63 lb. Within the 130-in large-package screening threshold.","","Not proposed—requires origin ZIP, destination zone, negotiated account rate, and surcharge validation.","false","https://www.ups.com/us/en/support/shipping-support/shipping-dimensions-weight | https://www.ups.com/us/en/support/shipping-support/shipping-costs-rates/daily-rates"
"CS-HDEXT4KPOEU","CS-HDEXT4KPOEU","Ethereal","small","2.55","2","3","9.5","7.1","3.2","Supplier dimensions and estimated ship weight are screening inputs only; no packaging adder was invented. Verify a packed unit before activation.","No DIM-weight uplift indicated by recorded dimensions. Within the 130-in large-package screening threshold.","","Not proposed—requires origin ZIP, destination zone, negotiated account rate, and surcharge validation.","false","https://www.ups.com/us/en/support/shipping-support/shipping-dimensions-weight | https://www.ups.com/us/en/support/shipping-support/shipping-costs-rates/daily-rates"
"MHX-LHDME12","MHX-LHDME12","Ethereal","small","4.14","2","5","12","12","1.75","Supplier dimensions and estimated ship weight are screening inputs only; no packaging adder was invented. Verify a packed unit before activation.","No DIM-weight uplift indicated by recorded dimensions. Within the 130-in large-package screening threshold.","","Not proposed—requires origin ZIP, destination zone, negotiated account rate, and surcharge validation.","false","https://www.ups.com/us/en/support/shipping-support/shipping-dimensions-weight | https://www.ups.com/us/en/support/shipping-support/shipping-costs-rates/daily-rates"
"MHX-LHDME2","MHX-LHDME2","Ethereal","small","0.21","1","1","6.75","5.5","0.8","Supplier dimensions and estimated ship weight are screening inputs only; no packaging adder was invented. Verify a packed unit before activation.","DIM weight 1 lb exceeds supplier estimated ship weight 0.21 lb. Within the 130-in large-package screening threshold.","","Not proposed—requires origin ZIP, destination zone, negotiated account rate, and surcharge validation.","false","https://www.ups.com/us/en/support/shipping-support/shipping-dimensions-weight | https://www.ups.com/us/en/support/shipping-support/shipping-costs-rates/daily-rates"
"MHX-LHDME4","MHX-LHDME4","Ethereal","small","0.55","1","1","6.5","6.5","0.9","Supplier dimensions and estimated ship weight are screening inputs only; no packaging adder was invented. Verify a packed unit before activation.","DIM weight 1 lb exceeds supplier estimated ship weight 0.55 lb. Within the 130-in large-package screening threshold.","","Not proposed—requires origin ZIP, destination zone, negotiated account rate, and surcharge validation.","false","https://www.ups.com/us/en/support/shipping-support/shipping-dimensions-weight | https://www.ups.com/us/en/support/shipping-support/shipping-costs-rates/daily-rates"
"MHX-T15","MHX-T15","Ethereal","small","1.27","2","2","11.75","10","1.5","Supplier dimensions and estimated ship weight are screening inputs only; no packaging adder was invented. Verify a packed unit before activation.","DIM weight 2 lb exceeds supplier estimated ship weight 1.27 lb. Within the 130-in large-package screening threshold.","","Not proposed—requires origin ZIP, destination zone, negotiated account rate, and surcharge validation.","false","https://www.ups.com/us/en/support/shipping-support/shipping-dimensions-weight | https://www.ups.com/us/en/support/shipping-support/shipping-costs-rates/daily-rates"
"UHF-04M-S1234","UHF-04M-S1234","Gemini","small","9.34","9","10","19.7","11.1","5.1","Supplier dimensions and estimated ship weight are screening inputs only; no packaging adder was invented. Verify a packed unit before activation.","No DIM-weight uplift indicated by recorded dimensions. Within the 130-in large-package screening threshold.","","Not proposed—requires origin ZIP, destination zone, negotiated account rate, and surcharge validation.","false","https://www.ups.com/us/en/support/shipping-support/shipping-dimensions-weight | https://www.ups.com/us/en/support/shipping-support/shipping-costs-rates/daily-rates"
"30-495","30-495","Ideal","small","0.8","1","1","9.9","6.3","1.25","Supplier dimensions and estimated ship weight are screening inputs only; no packaging adder was invented. Verify a packed unit before activation.","DIM weight 1 lb exceeds supplier estimated ship weight 0.8 lb. Within the 130-in large-package screening threshold.","","Not proposed—requires origin ZIP, destination zone, negotiated account rate, and surcharge validation.","false","https://www.ups.com/us/en/support/shipping-support/shipping-dimensions-weight | https://www.ups.com/us/en/support/shipping-support/shipping-costs-rates/daily-rates"
"31-340","31-340","Ideal","medium","14.24","15","15","13.3","12.4","12","Supplier dimensions and estimated ship weight are screening inputs only; no packaging adder was invented. Verify a packed unit before activation.","DIM weight 15 lb exceeds supplier estimated ship weight 14.24 lb. Within the 130-in large-package screening threshold.","","Not proposed—requires origin ZIP, destination zone, negotiated account rate, and surcharge validation.","false","https://www.ups.com/us/en/support/shipping-support/shipping-dimensions-weight | https://www.ups.com/us/en/support/shipping-support/shipping-costs-rates/daily-rates"
"33-396","33-396","Ideal","small","0.95","1","1","10","6.5","1.3","Supplier dimensions and estimated ship weight are screening inputs only; no packaging adder was invented. Verify a packed unit before activation.","DIM weight 1 lb exceeds supplier estimated ship weight 0.95 lb. Within the 130-in large-package screening threshold.","","Not proposed—requires origin ZIP, destination zone, negotiated account rate, and surcharge validation.","false","https://www.ups.com/us/en/support/shipping-support/shipping-dimensions-weight | https://www.ups.com/us/en/support/shipping-support/shipping-costs-rates/daily-rates"
"33-507","33-507","Ideal","small","2.18","2","3","10","6.15","3.75","Supplier dimensions and estimated ship weight are screening inputs only; no packaging adder was invented. Verify a packed unit before activation.","No DIM-weight uplift indicated by recorded dimensions. Within the 130-in large-package screening threshold.","","Not proposed—requires origin ZIP, destination zone, negotiated account rate, and surcharge validation.","false","https://www.ups.com/us/en/support/shipping-support/shipping-dimensions-weight | https://www.ups.com/us/en/support/shipping-support/shipping-costs-rates/daily-rates"
"35-088","35-088","Ideal","small","0.3","1","1","8.4","2.95","0.8","Supplier dimensions and estimated ship weight are screening inputs only; no packaging adder was invented. Verify a packed unit before activation.","DIM weight 1 lb exceeds supplier estimated ship weight 0.3 lb. Within the 130-in large-package screening threshold.","","Not proposed—requires origin ZIP, destination zone, negotiated account rate, and surcharge validation.","false","https://www.ups.com/us/en/support/shipping-support/shipping-dimensions-weight | https://www.ups.com/us/en/support/shipping-support/shipping-costs-rates/daily-rates"
"45-121","45-121","Ideal","small","0.4","1","1","7.7","4.2","0.8","Supplier dimensions and estimated ship weight are screening inputs only; no packaging adder was invented. Verify a packed unit before activation.","DIM weight 1 lb exceeds supplier estimated ship weight 0.4 lb. Within the 130-in large-package screening threshold.","","Not proposed—requires origin ZIP, destination zone, negotiated account rate, and surcharge validation.","false","https://www.ups.com/us/en/support/shipping-support/shipping-dimensions-weight | https://www.ups.com/us/en/support/shipping-support/shipping-costs-rates/daily-rates"
"45-915","45-915","Ideal","small","0.4","1","1","8.9","4.1","1.3","Supplier dimensions and estimated ship weight are screening inputs only; no packaging adder was invented. Verify a packed unit before activation.","DIM weight 1 lb exceeds supplier estimated ship weight 0.4 lb. Within the 130-in large-package screening threshold.","","Not proposed—requires origin ZIP, destination zone, negotiated account rate, and surcharge validation.","false","https://www.ups.com/us/en/support/shipping-support/shipping-dimensions-weight | https://www.ups.com/us/en/support/shipping-support/shipping-costs-rates/daily-rates"
"62-200","62-200","Ideal","small","0.68","1","1","10.25","5.15","1.8","Supplier dimensions and estimated ship weight are screening inputs only; no packaging adder was invented. Verify a packed unit before activation.","DIM weight 1 lb exceeds supplier estimated ship weight 0.68 lb. Within the 130-in large-package screening threshold.","","Not proposed—requires origin ZIP, destination zone, negotiated account rate, and surcharge validation.","false","https://www.ups.com/us/en/support/shipping-support/shipping-dimensions-weight | https://www.ups.com/us/en/support/shipping-support/shipping-costs-rates/daily-rates"
"85-366","85-366","Ideal","small","0.72","1","1","5.7","2.9","2.1","Supplier dimensions and estimated ship weight are screening inputs only; no packaging adder was invented. Verify a packed unit before activation.","DIM weight 1 lb exceeds supplier estimated ship weight 0.72 lb. Within the 130-in large-package screening threshold.","","Not proposed—requires origin ZIP, destination zone, negotiated account rate, and surcharge validation.","false","https://www.ups.com/us/en/support/shipping-support/shipping-dimensions-weight | https://www.ups.com/us/en/support/shipping-support/shipping-costs-rates/daily-rates"
"85-368","85-368","Ideal","small","0.3","1","1","5.75","2.95","2","Supplier dimensions and estimated ship weight are screening inputs only; no packaging adder was invented. Verify a packed unit before activation.","DIM weight 1 lb exceeds supplier estimated ship weight 0.3 lb. Within the 130-in large-package screening threshold.","","Not proposed—requires origin ZIP, destination zone, negotiated account rate, and surcharge validation.","false","https://www.ups.com/us/en/support/shipping-support/shipping-dimensions-weight | https://www.ups.com/us/en/support/shipping-support/shipping-costs-rates/daily-rates"
"85-369","85-369","Ideal","small","0.72","1","1","4.7","2.75","2.75","Supplier dimensions and estimated ship weight are screening inputs only; no packaging adder was invented. Verify a packed unit before activation.","DIM weight 1 lb exceeds supplier estimated ship weight 0.72 lb. Within the 130-in large-package screening threshold.","","Not proposed—requires origin ZIP, destination zone, negotiated account rate, and surcharge validation.","false","https://www.ups.com/us/en/support/shipping-support/shipping-dimensions-weight | https://www.ups.com/us/en/support/shipping-support/shipping-costs-rates/daily-rates"
"85-371","85-371","Ideal","small","0.3","1","1","5.75","2.9","1.9","Supplier dimensions and estimated ship weight are screening inputs only; no packaging adder was invented. Verify a packed unit before activation.","DIM weight 1 lb exceeds supplier estimated ship weight 0.3 lb. Within the 130-in large-package screening threshold.","","Not proposed—requires origin ZIP, destination zone, negotiated account rate, and surcharge validation.","false","https://www.ups.com/us/en/support/shipping-support/shipping-dimensions-weight | https://www.ups.com/us/en/support/shipping-support/shipping-costs-rates/daily-rates"
"85-372","85-372","Ideal","small","0.45","1","1","4.5","3.5","1.4","Supplier dimensions and estimated ship weight are screening inputs only; no packaging adder was invented. Verify a packed unit before activation.","DIM weight 1 lb exceeds supplier estimated ship weight 0.45 lb. Within the 130-in large-package screening threshold.","","Not proposed—requires origin ZIP, destination zone, negotiated account rate, and surcharge validation.","false","https://www.ups.com/us/en/support/shipping-support/shipping-dimensions-weight | https://www.ups.com/us/en/support/shipping-support/shipping-costs-rates/daily-rates"
"85-376","85-376","Ideal","small","0.3","1","1","5.75","2.9","1.9","Supplier dimensions and estimated ship weight are screening inputs only; no packaging adder was invented. Verify a packed unit before activation.","DIM weight 1 lb exceeds supplier estimated ship weight 0.3 lb. Within the 130-in large-package screening threshold.","","Not proposed—requires origin ZIP, destination zone, negotiated account rate, and surcharge validation.","false","https://www.ups.com/us/en/support/shipping-support/shipping-dimensions-weight | https://www.ups.com/us/en/support/shipping-support/shipping-costs-rates/daily-rates"
"85-377","85-377","Ideal","small","0.4","1","1","5","3.5","1.25","Supplier dimensions and estimated ship weight are screening inputs only; no packaging adder was invented. Verify a packed unit before activation.","DIM weight 1 lb exceeds supplier estimated ship weight 0.4 lb. Within the 130-in large-package screening threshold.","","Not proposed—requires origin ZIP, destination zone, negotiated account rate, and surcharge validation.","false","https://www.ups.com/us/en/support/shipping-support/shipping-dimensions-weight | https://www.ups.com/us/en/support/shipping-support/shipping-costs-rates/daily-rates"
"86-396","86-396","Ideal","small","0.45","1","1","4.75","3.5","1.5","Supplier dimensions and estimated ship weight are screening inputs only; no packaging adder was invented. Verify a packed unit before activation.","DIM weight 1 lb exceeds supplier estimated ship weight 0.45 lb. Within the 130-in large-package screening threshold.","","Not proposed—requires origin ZIP, destination zone, negotiated account rate, and surcharge validation.","false","https://www.ups.com/us/en/support/shipping-support/shipping-dimensions-weight | https://www.ups.com/us/en/support/shipping-support/shipping-costs-rates/daily-rates"
"89-5047","89-5047","Ideal","small","1.4","1","2","4.25","2.5","2.5","Supplier dimensions and estimated ship weight are screening inputs only; no packaging adder was invented. Verify a packed unit before activation.","No DIM-weight uplift indicated by recorded dimensions. Within the 130-in large-package screening threshold.","","Not proposed—requires origin ZIP, destination zone, negotiated account rate, and surcharge validation.","false","https://www.ups.com/us/en/support/shipping-support/shipping-dimensions-weight | https://www.ups.com/us/en/support/shipping-support/shipping-costs-rates/daily-rates"
"DPS-1100 USB","DPS-1100 USB","Koblenz","small","2.08","3","3","9","7.55","4.25","Supplier dimensions and estimated ship weight are screening inputs only; no packaging adder was invented. Verify a packed unit before activation.","DIM weight 3 lb exceeds supplier estimated ship weight 2.08 lb. Within the 130-in large-package screening threshold.","","Not proposed—requires origin ZIP, destination zone, negotiated account rate, and surcharge validation.","false","https://www.ups.com/us/en/support/shipping-support/shipping-dimensions-weight | https://www.ups.com/us/en/support/shipping-support/shipping-costs-rates/daily-rates"
"KRA-22M","KRA-22M","Kenwood","small","0.05","1","1","4.75","1","0.5","Supplier dimensions and estimated ship weight are screening inputs only; no packaging adder was invented. Verify a packed unit before activation.","DIM weight 1 lb exceeds supplier estimated ship weight 0.05 lb. Within the 130-in large-package screening threshold.","","Not proposed—requires origin ZIP, destination zone, negotiated account rate, and surcharge validation.","false","https://www.ups.com/us/en/support/shipping-support/shipping-dimensions-weight | https://www.ups.com/us/en/support/shipping-support/shipping-costs-rates/daily-rates"
"KRA-23M","KRA-23M","Kenwood","small","0.15","1","1","3.5","2","0.5","Supplier dimensions and estimated ship weight are screening inputs only; no packaging adder was invented. Verify a packed unit before activation.","DIM weight 1 lb exceeds supplier estimated ship weight 0.15 lb. Within the 130-in large-package screening threshold.","","Not proposed—requires origin ZIP, destination zone, negotiated account rate, and surcharge validation.","false","https://www.ups.com/us/en/support/shipping-support/shipping-dimensions-weight | https://www.ups.com/us/en/support/shipping-support/shipping-costs-rates/daily-rates"
"56-200","56-200","Labor Saving Devices","medium","10.86","11","11","18.25","12.25","6.75","Supplier dimensions and estimated ship weight are screening inputs only; no packaging adder was invented. Verify a packed unit before activation.","DIM weight 11 lb exceeds supplier estimated ship weight 10.86 lb. Within the 130-in large-package screening threshold.","","Not proposed—requires origin ZIP, destination zone, negotiated account rate, and surcharge validation.","false","https://www.ups.com/us/en/support/shipping-support/shipping-dimensions-weight | https://www.ups.com/us/en/support/shipping-support/shipping-costs-rates/daily-rates"
"81-000","81-000","Labor Saving Devices","oversize","50","1","50","77.25","1.2","1.2","Supplier dimensions and estimated ship weight are screening inputs only; no packaging adder was invented. Verify a packed unit before activation.","No DIM-weight uplift indicated by recorded dimensions. Within the 130-in large-package screening threshold.","","Not proposed—requires origin ZIP, destination zone, negotiated account rate, and surcharge validation.","true","https://www.ups.com/us/en/support/shipping-support/shipping-dimensions-weight | https://www.ups.com/us/en/support/shipping-support/shipping-costs-rates/daily-rates"
"81-130","81-130","Labor Saving Devices","oversize","1.35","1","2","77.5","1.25","1.25","Supplier dimensions and estimated ship weight are screening inputs only; no packaging adder was invented. Verify a packed unit before activation.","No DIM-weight uplift indicated by recorded dimensions. Within the 130-in large-package screening threshold.","","Not proposed—requires origin ZIP, destination zone, negotiated account rate, and surcharge validation.","true","https://www.ups.com/us/en/support/shipping-support/shipping-dimensions-weight | https://www.ups.com/us/en/support/shipping-support/shipping-costs-rates/daily-rates"
"81-230","81-230","Labor Saving Devices","oversize","9.3","1","10","77.5","1.25","1.25","Supplier dimensions and estimated ship weight are screening inputs only; no packaging adder was invented. Verify a packed unit before activation.","No DIM-weight uplift indicated by recorded dimensions. Within the 130-in large-package screening threshold.","","Not proposed—requires origin ZIP, destination zone, negotiated account rate, and surcharge validation.","true","https://www.ups.com/us/en/support/shipping-support/shipping-dimensions-weight | https://www.ups.com/us/en/support/shipping-support/shipping-costs-rates/daily-rates"
"81-600","81-600","Labor Saving Devices","large","2.73","2","3","39.2","3","1.25","Supplier dimensions and estimated ship weight are screening inputs only; no packaging adder was invented. Verify a packed unit before activation.","No DIM-weight uplift indicated by recorded dimensions. Within the 130-in large-package screening threshold.","","Not proposed—requires origin ZIP, destination zone, negotiated account rate, and surcharge validation.","false","https://www.ups.com/us/en/support/shipping-support/shipping-dimensions-weight | https://www.ups.com/us/en/support/shipping-support/shipping-costs-rates/daily-rates"
"81-700","81-700","Labor Saving Devices","oversize","10.9","2","11","77.25","1.4","1.4","Supplier dimensions and estimated ship weight are screening inputs only; no packaging adder was invented. Verify a packed unit before activation.","No DIM-weight uplift indicated by recorded dimensions. Within the 130-in large-package screening threshold.","","Not proposed—requires origin ZIP, destination zone, negotiated account rate, and surcharge validation.","true","https://www.ups.com/us/en/support/shipping-support/shipping-dimensions-weight | https://www.ups.com/us/en/support/shipping-support/shipping-costs-rates/daily-rates"
"82-110","82-110","Labor Saving Devices","medium","2.94","1","3","26.75","2","2","Supplier dimensions and estimated ship weight are screening inputs only; no packaging adder was invented. Verify a packed unit before activation.","No DIM-weight uplift indicated by recorded dimensions. Within the 130-in large-package screening threshold.","","Not proposed—requires origin ZIP, destination zone, negotiated account rate, and surcharge validation.","false","https://www.ups.com/us/en/support/shipping-support/shipping-dimensions-weight | https://www.ups.com/us/en/support/shipping-support/shipping-costs-rates/daily-rates"
"82-118","82-118","Labor Saving Devices","large","4.43","2","5","59","2","2","Supplier dimensions and estimated ship weight are screening inputs only; no packaging adder was invented. Verify a packed unit before activation.","No DIM-weight uplift indicated by recorded dimensions. Within the 130-in large-package screening threshold.","","Not proposed—requires origin ZIP, destination zone, negotiated account rate, and surcharge validation.","false","https://www.ups.com/us/en/support/shipping-support/shipping-dimensions-weight | https://www.ups.com/us/en/support/shipping-support/shipping-costs-rates/daily-rates"
"82-350","82-350","Labor Saving Devices","small","0.15","1","1","4","2.75","0.5","Supplier dimensions and estimated ship weight are screening inputs only; no packaging adder was invented. Verify a packed unit before activation.","DIM weight 1 lb exceeds supplier estimated ship weight 0.15 lb. Within the 130-in large-package screening threshold.","","Not proposed—requires origin ZIP, destination zone, negotiated account rate, and surcharge validation.","false","https://www.ups.com/us/en/support/shipping-support/shipping-dimensions-weight | https://www.ups.com/us/en/support/shipping-support/shipping-costs-rates/daily-rates"
"85-124","85-124","Labor Saving Devices","small","0.61","1","1","12.3","2.9","0.35","Supplier dimensions and estimated ship weight are screening inputs only; no packaging adder was invented. Verify a packed unit before activation.","DIM weight 1 lb exceeds supplier estimated ship weight 0.61 lb. Within the 130-in large-package screening threshold.","","Not proposed—requires origin ZIP, destination zone, negotiated account rate, and surcharge validation.","false","https://www.ups.com/us/en/support/shipping-support/shipping-dimensions-weight | https://www.ups.com/us/en/support/shipping-support/shipping-costs-rates/daily-rates"
"33202","33202","Stanley","small","0.71","1","1","9.15","6","1.8","Supplier dimensions and estimated ship weight are screening inputs only; no packaging adder was invented. Verify a packed unit before activation.","DIM weight 1 lb exceeds supplier estimated ship weight 0.71 lb. Within the 130-in large-package screening threshold.","","Not proposed—requires origin ZIP, destination zone, negotiated account rate, and surcharge validation.","false","https://www.ups.com/us/en/support/shipping-support/shipping-dimensions-weight | https://www.ups.com/us/en/support/shipping-support/shipping-costs-rates/daily-rates"
"910-1001","910-1001","Nanuk","small","6.35","7","7","14.6","12.1","5","Supplier dimensions and estimated ship weight are screening inputs only; no packaging adder was invented. Verify a packed unit before activation.","DIM weight 7 lb exceeds supplier estimated ship weight 6.35 lb. Within the 130-in large-package screening threshold.","","Not proposed—requires origin ZIP, destination zone, negotiated account rate, and surcharge validation.","false","https://www.ups.com/us/en/support/shipping-support/shipping-dimensions-weight | https://www.ups.com/us/en/support/shipping-support/shipping-costs-rates/daily-rates"
"925S-060BK-0A0","925S-060BK-0A0","Nanuk","medium","16.06","17","17","19.2","15.5","7.5","Supplier dimensions and estimated ship weight are screening inputs only; no packaging adder was invented. Verify a packed unit before activation.","DIM weight 17 lb exceeds supplier estimated ship weight 16.06 lb. Within the 130-in large-package screening threshold.","","Not proposed—requires origin ZIP, destination zone, negotiated account rate, and surcharge validation.","false","https://www.ups.com/us/en/support/shipping-support/shipping-dimensions-weight | https://www.ups.com/us/en/support/shipping-support/shipping-costs-rates/daily-rates"
"963-1001","963-1001","Nanuk","large","68.84","69","69","32.8","22.1","13.2","Supplier dimensions and estimated ship weight are screening inputs only; no packaging adder was invented. Verify a packed unit before activation.","DIM weight 69 lb exceeds supplier estimated ship weight 68.84 lb. Within the 130-in large-package screening threshold.","","Not proposed—requires origin ZIP, destination zone, negotiated account rate, and surcharge validation.","false","https://www.ups.com/us/en/support/shipping-support/shipping-dimensions-weight | https://www.ups.com/us/en/support/shipping-support/shipping-costs-rates/daily-rates"
"965-1001","965-1001","Nanuk","oversize","86.17","87","87","32.7","22.2","16.5","Supplier dimensions and estimated ship weight are screening inputs only; no packaging adder was invented. Verify a packed unit before activation.","DIM weight 87 lb exceeds supplier estimated ship weight 86.17 lb. Within the 130-in large-package screening threshold.","","Not proposed—requires origin ZIP, destination zone, negotiated account rate, and surcharge validation.","true","https://www.ups.com/us/en/support/shipping-support/shipping-dimensions-weight | https://www.ups.com/us/en/support/shipping-support/shipping-costs-rates/daily-rates"
"PB802105","PB802105","Prime","small","1.62","1","2","8","5.5","2","Supplier dimensions and estimated ship weight are screening inputs only; no packaging adder was invented. Verify a packed unit before activation.","No DIM-weight uplift indicated by recorded dimensions. Within the 130-in large-package screening threshold.","","Not proposed—requires origin ZIP, destination zone, negotiated account rate, and surcharge validation.","false","https://www.ups.com/us/en/support/shipping-support/shipping-dimensions-weight | https://www.ups.com/us/en/support/shipping-support/shipping-costs-rates/daily-rates"
"PBRUSB346S-A","PBRUSB346S-A","Prime","small","0.97","1","1","8.95","6.55","2.3","Supplier dimensions and estimated ship weight are screening inputs only; no packaging adder was invented. Verify a packed unit before activation.","DIM weight 1 lb exceeds supplier estimated ship weight 0.97 lb. Within the 130-in large-package screening threshold.","","Not proposed—requires origin ZIP, destination zone, negotiated account rate, and surcharge validation.","false","https://www.ups.com/us/en/support/shipping-support/shipping-dimensions-weight | https://www.ups.com/us/en/support/shipping-support/shipping-costs-rates/daily-rates"
"PCBLCO102","PCBLCO102","Pyle","large","17.1","7","18","40.75","9.6","2.3","Supplier dimensions and estimated ship weight are screening inputs only; no packaging adder was invented. Verify a packed unit before activation.","No DIM-weight uplift indicated by recorded dimensions. Within the 130-in large-package screening threshold.","","Not proposed—requires origin ZIP, destination zone, negotiated account rate, and surcharge validation.","false","https://www.ups.com/us/en/support/shipping-support/shipping-dimensions-weight | https://www.ups.com/us/en/support/shipping-support/shipping-costs-rates/daily-rates"
"PDWM2145","PDWM2145","Pyle","small","4.33","3","5","12.6","10.5","2.9","Supplier dimensions and estimated ship weight are screening inputs only; no packaging adder was invented. Verify a packed unit before activation.","No DIM-weight uplift indicated by recorded dimensions. Within the 130-in large-package screening threshold.","","Not proposed—requires origin ZIP, destination zone, negotiated account rate, and surcharge validation.","false","https://www.ups.com/us/en/support/shipping-support/shipping-dimensions-weight | https://www.ups.com/us/en/support/shipping-support/shipping-costs-rates/daily-rates"
"PDWM3375","PDWM3375","Pyle","small","3.3","3","4","11.6","7.7","4.5","Supplier dimensions and estimated ship weight are screening inputs only; no packaging adder was invented. Verify a packed unit before activation.","No DIM-weight uplift indicated by recorded dimensions. Within the 130-in large-package screening threshold.","","Not proposed—requires origin ZIP, destination zone, negotiated account rate, and surcharge validation.","false","https://www.ups.com/us/en/support/shipping-support/shipping-dimensions-weight | https://www.ups.com/us/en/support/shipping-support/shipping-costs-rates/daily-rates"
"PDWM3400","PDWM3400","Pyle","small","2.98","3","3","11.7","7.7","4.6","Supplier dimensions and estimated ship weight are screening inputs only; no packaging adder was invented. Verify a packed unit before activation.","DIM weight 3 lb exceeds supplier estimated ship weight 2.98 lb. Within the 130-in large-package screening threshold.","","Not proposed—requires origin ZIP, destination zone, negotiated account rate, and surcharge validation.","false","https://www.ups.com/us/en/support/shipping-support/shipping-dimensions-weight | https://www.ups.com/us/en/support/shipping-support/shipping-costs-rates/daily-rates"
"PDBC70","PDBC70","Pyle","small","6.05","6","7","19.4","9.9","4","Supplier dimensions and estimated ship weight are screening inputs only; no packaging adder was invented. Verify a packed unit before activation.","No DIM-weight uplift indicated by recorded dimensions. Within the 130-in large-package screening threshold.","","Not proposed—requires origin ZIP, destination zone, negotiated account rate, and surcharge validation.","false","https://www.ups.com/us/en/support/shipping-support/shipping-dimensions-weight | https://www.ups.com/us/en/support/shipping-support/shipping-costs-rates/daily-rates"
"PDWM4120","PDWM4120","Pyle","small","4.85","5","5","15.9","11.9","3.3","Supplier dimensions and estimated ship weight are screening inputs only; no packaging adder was invented. Verify a packed unit before activation.","DIM weight 5 lb exceeds supplier estimated ship weight 4.85 lb. Within the 130-in large-package screening threshold.","","Not proposed—requires origin ZIP, destination zone, negotiated account rate, and surcharge validation.","false","https://www.ups.com/us/en/support/shipping-support/shipping-dimensions-weight | https://www.ups.com/us/en/support/shipping-support/shipping-costs-rates/daily-rates"
"AMP1450E","AMP1450E","RCA","small","0.9","1","1","6.25","3.9","2.7","Supplier dimensions and estimated ship weight are screening inputs only; no packaging adder was invented. Verify a packed unit before activation.","DIM weight 1 lb exceeds supplier estimated ship weight 0.9 lb. Within the 130-in large-package screening threshold.","","Not proposed—requires origin ZIP, destination zone, negotiated account rate, and surcharge validation.","false","https://www.ups.com/us/en/support/shipping-support/shipping-dimensions-weight | https://www.ups.com/us/en/support/shipping-support/shipping-costs-rates/daily-rates"
"ANT111E","ANT111E","RCA","small","0.65","1","1","9.6","5.2","1.8","Supplier dimensions and estimated ship weight are screening inputs only; no packaging adder was invented. Verify a packed unit before activation.","DIM weight 1 lb exceeds supplier estimated ship weight 0.65 lb. Within the 130-in large-package screening threshold.","","Not proposed—requires origin ZIP, destination zone, negotiated account rate, and surcharge validation.","false","https://www.ups.com/us/en/support/shipping-support/shipping-dimensions-weight | https://www.ups.com/us/en/support/shipping-support/shipping-costs-rates/daily-rates"
"ANT1560E1","ANT1560E1","RCA","small","1.58","2","2","10.5","8.7","2.4","Supplier dimensions and estimated ship weight are screening inputs only; no packaging adder was invented. Verify a packed unit before activation.","DIM weight 2 lb exceeds supplier estimated ship weight 1.58 lb. Within the 130-in large-package screening threshold.","","Not proposed—requires origin ZIP, destination zone, negotiated account rate, and surcharge validation.","false","https://www.ups.com/us/en/support/shipping-support/shipping-dimensions-weight | https://www.ups.com/us/en/support/shipping-support/shipping-costs-rates/daily-rates"
"ANT310E","ANT310E","RCA","small","1.13","2","2","7","5.4","4.1","Supplier dimensions and estimated ship weight are screening inputs only; no packaging adder was invented. Verify a packed unit before activation.","DIM weight 2 lb exceeds supplier estimated ship weight 1.13 lb. Within the 130-in large-package screening threshold.","","Not proposed—requires origin ZIP, destination zone, negotiated account rate, and surcharge validation.","false","https://www.ups.com/us/en/support/shipping-support/shipping-dimensions-weight | https://www.ups.com/us/en/support/shipping-support/shipping-costs-rates/daily-rates"
"ANT705E","ANT705E","RCA","small","3.72","4","4","17.8","9.5","2.7","Supplier dimensions and estimated ship weight are screening inputs only; no packaging adder was invented. Verify a packed unit before activation.","DIM weight 4 lb exceeds supplier estimated ship weight 3.72 lb. Within the 130-in large-package screening threshold.","","Not proposed—requires origin ZIP, destination zone, negotiated account rate, and surcharge validation.","false","https://www.ups.com/us/en/support/shipping-support/shipping-dimensions-weight | https://www.ups.com/us/en/support/shipping-support/shipping-costs-rates/daily-rates"
"ANT754E","ANT754E","RCA","small","5.73","6","6","21","7.9","4.8","Supplier dimensions and estimated ship weight are screening inputs only; no packaging adder was invented. Verify a packed unit before activation.","DIM weight 6 lb exceeds supplier estimated ship weight 5.73 lb. Within the 130-in large-package screening threshold.","","Not proposed—requires origin ZIP, destination zone, negotiated account rate, and surcharge validation.","false","https://www.ups.com/us/en/support/shipping-support/shipping-dimensions-weight | https://www.ups.com/us/en/support/shipping-support/shipping-costs-rates/daily-rates"
"DH12HHE","DH12HHE","RCA","small","0.58","1","1","7.75","5","1.6","Supplier dimensions and estimated ship weight are screening inputs only; no packaging adder was invented. Verify a packed unit before activation.","DIM weight 1 lb exceeds supplier estimated ship weight 0.58 lb. Within the 130-in large-package screening threshold.","","Not proposed—requires origin ZIP, destination zone, negotiated account rate, and surcharge validation.","false","https://www.ups.com/us/en/support/shipping-support/shipping-dimensions-weight | https://www.ups.com/us/en/support/shipping-support/shipping-costs-rates/daily-rates"
"DH24SPE","DH24SPE","RCA","small","0.2","1","1","5.95","4.5","0.7","Supplier dimensions and estimated ship weight are screening inputs only; no packaging adder was invented. Verify a packed unit before activation.","DIM weight 1 lb exceeds supplier estimated ship weight 0.2 lb. Within the 130-in large-package screening threshold.","","Not proposed—requires origin ZIP, destination zone, negotiated account rate, and surcharge validation.","false","https://www.ups.com/us/en/support/shipping-support/shipping-dimensions-weight | https://www.ups.com/us/en/support/shipping-support/shipping-costs-rates/daily-rates"
"DH3HHE","DH3HHE","RCA","small","0.35","1","1","6.6","4.9","1.3","Supplier dimensions and estimated ship weight are screening inputs only; no packaging adder was invented. Verify a packed unit before activation.","DIM weight 1 lb exceeds supplier estimated ship weight 0.35 lb. Within the 130-in large-package screening threshold.","","Not proposed—requires origin ZIP, destination zone, negotiated account rate, and surcharge validation.","false","https://www.ups.com/us/en/support/shipping-support/shipping-dimensions-weight | https://www.ups.com/us/en/support/shipping-support/shipping-costs-rates/daily-rates"
"DH6HHE","DH6HHE","RCA","small","0.35","1","1","7.9","5","1.2","Supplier dimensions and estimated ship weight are screening inputs only; no packaging adder was invented. Verify a packed unit before activation.","DIM weight 1 lb exceeds supplier estimated ship weight 0.35 lb. Within the 130-in large-package screening threshold.","","Not proposed—requires origin ZIP, destination zone, negotiated account rate, and surcharge validation.","false","https://www.ups.com/us/en/support/shipping-support/shipping-dimensions-weight | https://www.ups.com/us/en/support/shipping-support/shipping-costs-rates/daily-rates"
"DV10RV","DV10RV","RCA","small","0.21","1","1","7.75","3.8","1","Supplier dimensions and estimated ship weight are screening inputs only; no packaging adder was invented. Verify a packed unit before activation.","DIM weight 1 lb exceeds supplier estimated ship weight 0.21 lb. Within the 130-in large-package screening threshold.","","Not proposed—requires origin ZIP, destination zone, negotiated account rate, and surcharge validation.","false","https://www.ups.com/us/en/support/shipping-support/shipping-dimensions-weight | https://www.ups.com/us/en/support/shipping-support/shipping-costs-rates/daily-rates"
"TP210WHRV","TP210WHRV","RCA","small","0.2","1","1","5.75","3.8","1","Supplier dimensions and estimated ship weight are screening inputs only; no packaging adder was invented. Verify a packed unit before activation.","DIM weight 1 lb exceeds supplier estimated ship weight 0.2 lb. Within the 130-in large-package screening threshold.","","Not proposed—requires origin ZIP, destination zone, negotiated account rate, and surcharge validation.","false","https://www.ups.com/us/en/support/shipping-support/shipping-dimensions-weight | https://www.ups.com/us/en/support/shipping-support/shipping-costs-rates/daily-rates"
"TP231WHR","TP231WHR","RCA","small","0.35","1","1","6.7","3.9","1.1","Supplier dimensions and estimated ship weight are screening inputs only; no packaging adder was invented. Verify a packed unit before activation.","DIM weight 1 lb exceeds supplier estimated ship weight 0.35 lb. Within the 130-in large-package screening threshold.","","Not proposed—requires origin ZIP, destination zone, negotiated account rate, and surcharge validation.","false","https://www.ups.com/us/en/support/shipping-support/shipping-dimensions-weight | https://www.ups.com/us/en/support/shipping-support/shipping-costs-rates/daily-rates"
"TP243WHR","TP243WHR","RCA","small","0.35","1","1","8.6","3.9","1.2","Supplier dimensions and estimated ship weight are screening inputs only; no packaging adder was invented. Verify a packed unit before activation.","DIM weight 1 lb exceeds supplier estimated ship weight 0.35 lb. Within the 130-in large-package screening threshold.","","Not proposed—requires origin ZIP, destination zone, negotiated account rate, and surcharge validation.","false","https://www.ups.com/us/en/support/shipping-support/shipping-dimensions-weight | https://www.ups.com/us/en/support/shipping-support/shipping-costs-rates/daily-rates"
"TP257WHR","TP257WHR","RCA","small","0.15","1","1","3.8","2.75","1","Supplier dimensions and estimated ship weight are screening inputs only; no packaging adder was invented. Verify a packed unit before activation.","DIM weight 1 lb exceeds supplier estimated ship weight 0.15 lb. Within the 130-in large-package screening threshold.","","Not proposed—requires origin ZIP, destination zone, negotiated account rate, and surcharge validation.","false","https://www.ups.com/us/en/support/shipping-support/shipping-dimensions-weight | https://www.ups.com/us/en/support/shipping-support/shipping-costs-rates/daily-rates"
"TP265WHR","TP265WHR","RCA","small","0.15","1","1","5.75","3.8","0.8","Supplier dimensions and estimated ship weight are screening inputs only; no packaging adder was invented. Verify a packed unit before activation.","DIM weight 1 lb exceeds supplier estimated ship weight 0.15 lb. Within the 130-in large-package screening threshold.","","Not proposed—requires origin ZIP, destination zone, negotiated account rate, and surcharge validation.","false","https://www.ups.com/us/en/support/shipping-support/shipping-dimensions-weight | https://www.ups.com/us/en/support/shipping-support/shipping-costs-rates/daily-rates"
"TP280WRV","TP280WRV","RCA","small","0.25","1","1","7.75","3.8","1.1","Supplier dimensions and estimated ship weight are screening inputs only; no packaging adder was invented. Verify a packed unit before activation.","DIM weight 1 lb exceeds supplier estimated ship weight 0.25 lb. Within the 130-in large-package screening threshold.","","Not proposed—requires origin ZIP, destination zone, negotiated account rate, and surcharge validation.","false","https://www.ups.com/us/en/support/shipping-support/shipping-dimensions-weight | https://www.ups.com/us/en/support/shipping-support/shipping-costs-rates/daily-rates"
"TP282AR","TP282AR","RCA","small","0.38","1","1","8.7","3.8","1.6","Supplier dimensions and estimated ship weight are screening inputs only; no packaging adder was invented. Verify a packed unit before activation.","DIM weight 1 lb exceeds supplier estimated ship weight 0.38 lb. Within the 130-in large-package screening threshold.","","Not proposed—requires origin ZIP, destination zone, negotiated account rate, and surcharge validation.","false","https://www.ups.com/us/en/support/shipping-support/shipping-dimensions-weight | https://www.ups.com/us/en/support/shipping-support/shipping-costs-rates/daily-rates"
"TP282BLRV","TP282BLRV","RCA","small","0.36","1","1","8.7","3.85","1.5","Supplier dimensions and estimated ship weight are screening inputs only; no packaging adder was invented. Verify a packed unit before activation.","DIM weight 1 lb exceeds supplier estimated ship weight 0.36 lb. Within the 130-in large-package screening threshold.","","Not proposed—requires origin ZIP, destination zone, negotiated account rate, and surcharge validation.","false","https://www.ups.com/us/en/support/shipping-support/shipping-dimensions-weight | https://www.ups.com/us/en/support/shipping-support/shipping-costs-rates/daily-rates"
"TP282WR","TP282WR","RCA","small","0.35","1","1","7","3.8","1.75","Supplier dimensions and estimated ship weight are screening inputs only; no packaging adder was invented. Verify a packed unit before activation.","DIM weight 1 lb exceeds supplier estimated ship weight 0.35 lb. Within the 130-in large-package screening threshold.","","Not proposed—requires origin ZIP, destination zone, negotiated account rate, and surcharge validation.","false","https://www.ups.com/us/en/support/shipping-support/shipping-dimensions-weight | https://www.ups.com/us/en/support/shipping-support/shipping-costs-rates/daily-rates"
"TP443WHRV","TP443WHRV","RCA","small","0.5","1","1","8.7","3.8","1.6","Supplier dimensions and estimated ship weight are screening inputs only; no packaging adder was invented. Verify a packed unit before activation.","DIM weight 1 lb exceeds supplier estimated ship weight 0.5 lb. Within the 130-in large-package screening threshold.","","Not proposed—requires origin ZIP, destination zone, negotiated account rate, and surcharge validation.","false","https://www.ups.com/us/en/support/shipping-support/shipping-dimensions-weight | https://www.ups.com/us/en/support/shipping-support/shipping-costs-rates/daily-rates"
"TPH530BR","TPH530BR","RCA","small","0.34","1","1","8.7","3.9","1.4","Supplier dimensions and estimated ship weight are screening inputs only; no packaging adder was invented. Verify a packed unit before activation.","DIM weight 1 lb exceeds supplier estimated ship weight 0.34 lb. Within the 130-in large-package screening threshold.","","Not proposed—requires origin ZIP, destination zone, negotiated account rate, and surcharge validation.","false","https://www.ups.com/us/en/support/shipping-support/shipping-dimensions-weight | https://www.ups.com/us/en/support/shipping-support/shipping-costs-rates/daily-rates"
"TPH532BR","TPH532BR","RCA","small","0.54","1","1","8.1","5.75","1.6","Supplier dimensions and estimated ship weight are screening inputs only; no packaging adder was invented. Verify a packed unit before activation.","DIM weight 1 lb exceeds supplier estimated ship weight 0.54 lb. Within the 130-in large-package screening threshold.","","Not proposed—requires origin ZIP, destination zone, negotiated account rate, and surcharge validation.","false","https://www.ups.com/us/en/support/shipping-support/shipping-dimensions-weight | https://www.ups.com/us/en/support/shipping-support/shipping-costs-rates/daily-rates"
"TPH560R1V","TPH560R1V","RCA","small","0.06","1","1","3.8","2.8","0.75","Supplier dimensions and estimated ship weight are screening inputs only; no packaging adder was invented. Verify a packed unit before activation.","DIM weight 1 lb exceeds supplier estimated ship weight 0.06 lb. Within the 130-in large-package screening threshold.","","Not proposed—requires origin ZIP, destination zone, negotiated account rate, and surcharge validation.","false","https://www.ups.com/us/en/support/shipping-support/shipping-dimensions-weight | https://www.ups.com/us/en/support/shipping-support/shipping-costs-rates/daily-rates"
"TPH633R","TPH633R","RCA","small","1","1","1","6.9","6.5","1.7","Supplier dimensions and estimated ship weight are screening inputs only; no packaging adder was invented. Verify a packed unit before activation.","No DIM-weight uplift indicated by recorded dimensions. Within the 130-in large-package screening threshold.","","Not proposed—requires origin ZIP, destination zone, negotiated account rate, and surcharge validation.","false","https://www.ups.com/us/en/support/shipping-support/shipping-dimensions-weight | https://www.ups.com/us/en/support/shipping-support/shipping-costs-rates/daily-rates"
"VH125R","VH125R","RCA","small","0.8","1","1","9.5","6","1.13","Supplier dimensions and estimated ship weight are screening inputs only; no packaging adder was invented. Verify a packed unit before activation.","DIM weight 1 lb exceeds supplier estimated ship weight 0.8 lb. Within the 130-in large-package screening threshold.","","Not proposed—requires origin ZIP, destination zone, negotiated account rate, and surcharge validation.","false","https://www.ups.com/us/en/support/shipping-support/shipping-dimensions-weight | https://www.ups.com/us/en/support/shipping-support/shipping-costs-rates/daily-rates"
"VH47R","VH47R","RCA","small","0.2","1","1","5.75","3.8","0.4","Supplier dimensions and estimated ship weight are screening inputs only; no packaging adder was invented. Verify a packed unit before activation.","DIM weight 1 lb exceeds supplier estimated ship weight 0.2 lb. Within the 130-in large-package screening threshold.","","Not proposed—requires origin ZIP, destination zone, negotiated account rate, and surcharge validation.","false","https://www.ups.com/us/en/support/shipping-support/shipping-dimensions-weight | https://www.ups.com/us/en/support/shipping-support/shipping-costs-rates/daily-rates"
"VH603RV1","VH603RV1","RCA","small","0.25","1","1","6.75","3.8","1.25","Supplier dimensions and estimated ship weight are screening inputs only; no packaging adder was invented. Verify a packed unit before activation.","DIM weight 1 lb exceeds supplier estimated ship weight 0.25 lb. Within the 130-in large-package screening threshold.","","Not proposed—requires origin ZIP, destination zone, negotiated account rate, and surcharge validation.","false","https://www.ups.com/us/en/support/shipping-support/shipping-dimensions-weight | https://www.ups.com/us/en/support/shipping-support/shipping-costs-rates/daily-rates"
"VH606R","VH606R","RCA","small","0.3","1","1","6.7","3.8","1.5","Supplier dimensions and estimated ship weight are screening inputs only; no packaging adder was invented. Verify a packed unit before activation.","DIM weight 1 lb exceeds supplier estimated ship weight 0.3 lb. Within the 130-in large-package screening threshold.","","Not proposed—requires origin ZIP, destination zone, negotiated account rate, and surcharge validation.","false","https://www.ups.com/us/en/support/shipping-support/shipping-dimensions-weight | https://www.ups.com/us/en/support/shipping-support/shipping-costs-rates/daily-rates"
"VH606WHR","VH606WHR","RCA","small","0.35","1","1","6.75","3.8","1.3","Supplier dimensions and estimated ship weight are screening inputs only; no packaging adder was invented. Verify a packed unit before activation.","DIM weight 1 lb exceeds supplier estimated ship weight 0.35 lb. Within the 130-in large-package screening threshold.","","Not proposed—requires origin ZIP, destination zone, negotiated account rate, and surcharge validation.","false","https://www.ups.com/us/en/support/shipping-support/shipping-dimensions-weight | https://www.ups.com/us/en/support/shipping-support/shipping-costs-rates/daily-rates"
"VH612R","VH612R","RCA","small","0.48","1","1","7.7","5.8","1.5","Supplier dimensions and estimated ship weight are screening inputs only; no packaging adder was invented. Verify a packed unit before activation.","DIM weight 1 lb exceeds supplier estimated ship weight 0.48 lb. Within the 130-in large-package screening threshold.","","Not proposed—requires origin ZIP, destination zone, negotiated account rate, and surcharge validation.","false","https://www.ups.com/us/en/support/shipping-support/shipping-dimensions-weight | https://www.ups.com/us/en/support/shipping-support/shipping-costs-rates/daily-rates"
"VH625RV","VH625RV","RCA","small","0.85","1","1","8.5","6.25","1.5","Supplier dimensions and estimated ship weight are screening inputs only; no packaging adder was invented. Verify a packed unit before activation.","DIM weight 1 lb exceeds supplier estimated ship weight 0.85 lb. Within the 130-in large-package screening threshold.","","Not proposed—requires origin ZIP, destination zone, negotiated account rate, and surcharge validation.","false","https://www.ups.com/us/en/support/shipping-support/shipping-dimensions-weight | https://www.ups.com/us/en/support/shipping-support/shipping-costs-rates/daily-rates"
"VH66R1","VH66R1","RCA","small","0.2","1","1","3.8","2.75","0.5","Supplier dimensions and estimated ship weight are screening inputs only; no packaging adder was invented. Verify a packed unit before activation.","DIM weight 1 lb exceeds supplier estimated ship weight 0.2 lb. Within the 130-in large-package screening threshold.","","Not proposed—requires origin ZIP, destination zone, negotiated account rate, and surcharge validation.","false","https://www.ups.com/us/en/support/shipping-support/shipping-dimensions-weight | https://www.ups.com/us/en/support/shipping-support/shipping-costs-rates/daily-rates"
"VHB6111R","VHB6111R","RCA","small","2.76","2","3","8.75","8.5","2.75","Supplier dimensions and estimated ship weight are screening inputs only; no packaging adder was invented. Verify a packed unit before activation.","No DIM-weight uplift indicated by recorded dimensions. Within the 130-in large-package screening threshold.","","Not proposed—requires origin ZIP, destination zone, negotiated account rate, and surcharge validation.","false","https://www.ups.com/us/en/support/shipping-support/shipping-dimensions-weight | https://www.ups.com/us/en/support/shipping-support/shipping-costs-rates/daily-rates"
"VHB655R","VHB655R","RCA","small","1.4","1","2","8.13","6.5","2","Supplier dimensions and estimated ship weight are screening inputs only; no packaging adder was invented. Verify a packed unit before activation.","No DIM-weight uplift indicated by recorded dimensions. Within the 130-in large-package screening threshold.","","Not proposed—requires origin ZIP, destination zone, negotiated account rate, and surcharge validation.","false","https://www.ups.com/us/en/support/shipping-support/shipping-dimensions-weight | https://www.ups.com/us/en/support/shipping-support/shipping-costs-rates/daily-rates"
"VHEXT8E","VHEXT8E","RCA","small","0.33","1","1","6.7","4.5","1.5","Supplier dimensions and estimated ship weight are screening inputs only; no packaging adder was invented. Verify a packed unit before activation.","DIM weight 1 lb exceeds supplier estimated ship weight 0.33 lb. Within the 130-in large-package screening threshold.","","Not proposed—requires origin ZIP, destination zone, negotiated account rate, and surcharge validation.","false","https://www.ups.com/us/en/support/shipping-support/shipping-dimensions-weight | https://www.ups.com/us/en/support/shipping-support/shipping-costs-rates/daily-rates"
"VHFC015E","VHFC015E","RCA","small","0.32","1","1","6.6","4.5","1.5","Supplier dimensions and estimated ship weight are screening inputs only; no packaging adder was invented. Verify a packed unit before activation.","DIM weight 1 lb exceeds supplier estimated ship weight 0.32 lb. Within the 130-in large-package screening threshold.","","Not proposed—requires origin ZIP, destination zone, negotiated account rate, and surcharge validation.","false","https://www.ups.com/us/en/support/shipping-support/shipping-dimensions-weight | https://www.ups.com/us/en/support/shipping-support/shipping-costs-rates/daily-rates"
"C380N","C380N","Eco4life","small","2.2","2","3","17.9","4.1","2.5","Supplier dimensions and estimated ship weight are screening inputs only; no packaging adder was invented. Verify a packed unit before activation.","No DIM-weight uplift indicated by recorded dimensions. Within the 130-in large-package screening threshold.","","Not proposed—requires origin ZIP, destination zone, negotiated account rate, and surcharge validation.","false","https://www.ups.com/us/en/support/shipping-support/shipping-dimensions-weight | https://www.ups.com/us/en/support/shipping-support/shipping-costs-rates/daily-rates"
"84-213","84-213","Stanley","small","0.3","1","1","7.45","3.8","0.25","Supplier dimensions and estimated ship weight are screening inputs only; no packaging adder was invented. Verify a packed unit before activation.","DIM weight 1 lb exceeds supplier estimated ship weight 0.3 lb. Within the 130-in large-package screening threshold.","","Not proposed—requires origin ZIP, destination zone, negotiated account rate, and surcharge validation.","false","https://www.ups.com/us/en/support/shipping-support/shipping-dimensions-weight | https://www.ups.com/us/en/support/shipping-support/shipping-costs-rates/daily-rates"
"AHD10-04290","AHD10-04290","Vericom","small","0.35","1","1","6.25","5.13","1.13","Supplier dimensions and estimated ship weight are screening inputs only; no packaging adder was invented. Verify a packed unit before activation.","DIM weight 1 lb exceeds supplier estimated ship weight 0.35 lb. Within the 130-in large-package screening threshold.","","Not proposed—requires origin ZIP, destination zone, negotiated account rate, and surcharge validation.","false","https://www.ups.com/us/en/support/shipping-support/shipping-dimensions-weight | https://www.ups.com/us/en/support/shipping-support/shipping-costs-rates/daily-rates"
"AHD30-04293","AHD30-04293","Vericom","small","1.2","1","2","6.6","6.6","1.6","Supplier dimensions and estimated ship weight are screening inputs only; no packaging adder was invented. Verify a packed unit before activation.","No DIM-weight uplift indicated by recorded dimensions. Within the 130-in large-package screening threshold.","","Not proposed—requires origin ZIP, destination zone, negotiated account rate, and surcharge validation.","false","https://www.ups.com/us/en/support/shipping-support/shipping-dimensions-weight | https://www.ups.com/us/en/support/shipping-support/shipping-costs-rates/daily-rates"
"AHD50-04294","AHD50-04294","Vericom","small","3.41","2","4","8.5","8.3","3","Supplier dimensions and estimated ship weight are screening inputs only; no packaging adder was invented. Verify a packed unit before activation.","No DIM-weight uplift indicated by recorded dimensions. Within the 130-in large-package screening threshold.","","Not proposed—requires origin ZIP, destination zone, negotiated account rate, and surcharge validation.","false","https://www.ups.com/us/en/support/shipping-support/shipping-dimensions-weight | https://www.ups.com/us/en/support/shipping-support/shipping-costs-rates/daily-rates"
"MBW5U-00932","MBW5U-00932","Vericom","medium","19.99","12","20","13.7","13.3","8.5","Supplier dimensions and estimated ship weight are screening inputs only; no packaging adder was invented. Verify a packed unit before activation.","No DIM-weight uplift indicated by recorded dimensions. Within the 130-in large-package screening threshold.","","Not proposed—requires origin ZIP, destination zone, negotiated account rate, and surcharge validation.","false","https://www.ups.com/us/en/support/shipping-support/shipping-dimensions-weight | https://www.ups.com/us/en/support/shipping-support/shipping-costs-rates/daily-rates"
"MBW5U-01440","MBW5U-01440","Vericom","medium","19.36","11","20","13.9","13.5","8","Supplier dimensions and estimated ship weight are screening inputs only; no packaging adder was invented. Verify a packed unit before activation.","No DIM-weight uplift indicated by recorded dimensions. Within the 130-in large-package screening threshold.","","Not proposed—requires origin ZIP, destination zone, negotiated account rate, and surcharge validation.","false","https://www.ups.com/us/en/support/shipping-support/shipping-dimensions-weight | https://www.ups.com/us/en/support/shipping-support/shipping-costs-rates/daily-rates"
"MBW5U-01441","MBW5U-01441","Vericom","medium","20.05","11","21","13.5","13.2","8.5","Supplier dimensions and estimated ship weight are screening inputs only; no packaging adder was invented. Verify a packed unit before activation.","No DIM-weight uplift indicated by recorded dimensions. Within the 130-in large-package screening threshold.","","Not proposed—requires origin ZIP, destination zone, negotiated account rate, and surcharge validation.","false","https://www.ups.com/us/en/support/shipping-support/shipping-dimensions-weight | https://www.ups.com/us/en/support/shipping-support/shipping-costs-rates/daily-rates"
"MBW5U-01443","MBW5U-01443","Vericom","medium","20.15","12","21","13.7","13.3","8.5","Supplier dimensions and estimated ship weight are screening inputs only; no packaging adder was invented. Verify a packed unit before activation.","No DIM-weight uplift indicated by recorded dimensions. Within the 130-in large-package screening threshold.","","Not proposed—requires origin ZIP, destination zone, negotiated account rate, and surcharge validation.","false","https://www.ups.com/us/en/support/shipping-support/shipping-dimensions-weight | https://www.ups.com/us/en/support/shipping-support/shipping-costs-rates/daily-rates"
"MBW5U-01554","MBW5U-01554","Vericom","medium","18.95","12","19","13.9","13.8","8.3","Supplier dimensions and estimated ship weight are screening inputs only; no packaging adder was invented. Verify a packed unit before activation.","No DIM-weight uplift indicated by recorded dimensions. Within the 130-in large-package screening threshold.","","Not proposed—requires origin ZIP, destination zone, negotiated account rate, and surcharge validation.","false","https://www.ups.com/us/en/support/shipping-support/shipping-dimensions-weight | https://www.ups.com/us/en/support/shipping-support/shipping-costs-rates/daily-rates"
"MBW6U-00934","MBW6U-00934","Vericom","medium","28.75","17","29","16.1","15.2","9.4","Supplier dimensions and estimated ship weight are screening inputs only; no packaging adder was invented. Verify a packed unit before activation.","No DIM-weight uplift indicated by recorded dimensions. Within the 130-in large-package screening threshold.","","Not proposed—requires origin ZIP, destination zone, negotiated account rate, and surcharge validation.","false","https://www.ups.com/us/en/support/shipping-support/shipping-dimensions-weight | https://www.ups.com/us/en/support/shipping-support/shipping-costs-rates/daily-rates"
"MBW6U-01444","MBW6U-01444","Vericom","medium","31.95","17","32","15.7","15.7","9.5","Supplier dimensions and estimated ship weight are screening inputs only; no packaging adder was invented. Verify a packed unit before activation.","No DIM-weight uplift indicated by recorded dimensions. Within the 130-in large-package screening threshold.","","Not proposed—requires origin ZIP, destination zone, negotiated account rate, and surcharge validation.","false","https://www.ups.com/us/en/support/shipping-support/shipping-dimensions-weight | https://www.ups.com/us/en/support/shipping-support/shipping-costs-rates/daily-rates"
"MBW6U-01445","MBW6U-01445","Vericom","medium","28.3","17","29","16.4","15.8","9.1","Supplier dimensions and estimated ship weight are screening inputs only; no packaging adder was invented. Verify a packed unit before activation.","No DIM-weight uplift indicated by recorded dimensions. Within the 130-in large-package screening threshold.","","Not proposed—requires origin ZIP, destination zone, negotiated account rate, and surcharge validation.","false","https://www.ups.com/us/en/support/shipping-support/shipping-dimensions-weight | https://www.ups.com/us/en/support/shipping-support/shipping-costs-rates/daily-rates"
"MKJ6U-01352","MKJ6U-01352","Vericom","small","0.15","1","1","1.3","0.75","0.5","Supplier dimensions and estimated ship weight are screening inputs only; no packaging adder was invented. Verify a packed unit before activation.","DIM weight 1 lb exceeds supplier estimated ship weight 0.15 lb. Within the 130-in large-package screening threshold.","","Not proposed—requires origin ZIP, destination zone, negotiated account rate, and surcharge validation.","false","https://www.ups.com/us/en/support/shipping-support/shipping-dimensions-weight | https://www.ups.com/us/en/support/shipping-support/shipping-costs-rates/daily-rates"
"WTCXC-03634","WTCXC-03634","Vericom","small","1.6","1","2","11","4.75","1","Supplier dimensions and estimated ship weight are screening inputs only; no packaging adder was invented. Verify a packed unit before activation.","No DIM-weight uplift indicated by recorded dimensions. Within the 130-in large-package screening threshold.","","Not proposed—requires origin ZIP, destination zone, negotiated account rate, and surcharge validation.","false","https://www.ups.com/us/en/support/shipping-support/shipping-dimensions-weight | https://www.ups.com/us/en/support/shipping-support/shipping-costs-rates/daily-rates"
"WTCXS-03631","WTCXS-03631","Vericom","small","0.2","1","1","7.75","3.85","0.9","Supplier dimensions and estimated ship weight are screening inputs only; no packaging adder was invented. Verify a packed unit before activation.","DIM weight 1 lb exceeds supplier estimated ship weight 0.2 lb. Within the 130-in large-package screening threshold.","","Not proposed—requires origin ZIP, destination zone, negotiated account rate, and surcharge validation.","false","https://www.ups.com/us/en/support/shipping-support/shipping-dimensions-weight | https://www.ups.com/us/en/support/shipping-support/shipping-costs-rates/daily-rates"
"WTRJC-03632","WTRJC-03632","Vericom","small","0.6","1","1","10.3","4.1","0.9","Supplier dimensions and estimated ship weight are screening inputs only; no packaging adder was invented. Verify a packed unit before activation.","DIM weight 1 lb exceeds supplier estimated ship weight 0.6 lb. Within the 130-in large-package screening threshold.","","Not proposed—requires origin ZIP, destination zone, negotiated account rate, and surcharge validation.","false","https://www.ups.com/us/en/support/shipping-support/shipping-dimensions-weight | https://www.ups.com/us/en/support/shipping-support/shipping-costs-rates/daily-rates"
"XHD03-04252","XHD03-04252","Vericom","small","0.15","1","1","4","4","0.6","Supplier dimensions and estimated ship weight are screening inputs only; no packaging adder was invented. Verify a packed unit before activation.","DIM weight 1 lb exceeds supplier estimated ship weight 0.15 lb. Within the 130-in large-package screening threshold.","","Not proposed—requires origin ZIP, destination zone, negotiated account rate, and surcharge validation.","false","https://www.ups.com/us/en/support/shipping-support/shipping-dimensions-weight | https://www.ups.com/us/en/support/shipping-support/shipping-costs-rates/daily-rates"
"XHD01-04253","XHD01-04253","Vericom","small","0.16","1","1","6","5","0.75","Supplier dimensions and estimated ship weight are screening inputs only; no packaging adder was invented. Verify a packed unit before activation.","DIM weight 1 lb exceeds supplier estimated ship weight 0.16 lb. Within the 130-in large-package screening threshold.","","Not proposed—requires origin ZIP, destination zone, negotiated account rate, and surcharge validation.","false","https://www.ups.com/us/en/support/shipping-support/shipping-dimensions-weight | https://www.ups.com/us/en/support/shipping-support/shipping-costs-rates/daily-rates"
"XHD01-04254","XHD01-04254","Vericom","small","0.25","1","1","6.5","5.5","0.7","Supplier dimensions and estimated ship weight are screening inputs only; no packaging adder was invented. Verify a packed unit before activation.","DIM weight 1 lb exceeds supplier estimated ship weight 0.25 lb. Within the 130-in large-package screening threshold.","","Not proposed—requires origin ZIP, destination zone, negotiated account rate, and surcharge validation.","false","https://www.ups.com/us/en/support/shipping-support/shipping-dimensions-weight | https://www.ups.com/us/en/support/shipping-support/shipping-costs-rates/daily-rates"
"XHD01-04255","XHD01-04255","Vericom","small","0.26","1","1","7","5.25","1","Supplier dimensions and estimated ship weight are screening inputs only; no packaging adder was invented. Verify a packed unit before activation.","DIM weight 1 lb exceeds supplier estimated ship weight 0.26 lb. Within the 130-in large-package screening threshold.","","Not proposed—requires origin ZIP, destination zone, negotiated account rate, and surcharge validation.","false","https://www.ups.com/us/en/support/shipping-support/shipping-dimensions-weight | https://www.ups.com/us/en/support/shipping-support/shipping-costs-rates/daily-rates"
"XHD01-04260","XHD01-04260","Vericom","small","0.25","1","1","5","5","0.6","Supplier dimensions and estimated ship weight are screening inputs only; no packaging adder was invented. Verify a packed unit before activation.","DIM weight 1 lb exceeds supplier estimated ship weight 0.25 lb. Within the 130-in large-package screening threshold.","","Not proposed—requires origin ZIP, destination zone, negotiated account rate, and surcharge validation.","false","https://www.ups.com/us/en/support/shipping-support/shipping-dimensions-weight | https://www.ups.com/us/en/support/shipping-support/shipping-costs-rates/daily-rates"
"XRG06-02404","XRG06-02404","Vericom","medium","32","16","32","13.2","13","12.8","Supplier dimensions and estimated ship weight are screening inputs only; no packaging adder was invented. Verify a packed unit before activation.","No DIM-weight uplift indicated by recorded dimensions. Within the 130-in large-package screening threshold.","","Not proposed—requires origin ZIP, destination zone, negotiated account rate, and surcharge validation.","false","https://www.ups.com/us/en/support/shipping-support/shipping-dimensions-weight | https://www.ups.com/us/en/support/shipping-support/shipping-costs-rates/daily-rates"
"TLP1008TELTV","TLP1008TELTV","Tripp Lite by Eaton","small","2.75","2","3","13.5","8.3","2.3","Supplier dimensions and estimated ship weight are screening inputs only; no packaging adder was invented. Verify a packed unit before activation.","No DIM-weight uplift indicated by recorded dimensions. Within the 130-in large-package screening threshold.","","Not proposed—requires origin ZIP, destination zone, negotiated account rate, and surcharge validation.","false","https://www.ups.com/us/en/support/shipping-support/shipping-dimensions-weight | https://www.ups.com/us/en/support/shipping-support/shipping-costs-rates/daily-rates"
"TLP1208TELTV","TLP1208TELTV","Tripp Lite by Eaton","small","2.74","2","3","13.7","8.6","2.3","Supplier dimensions and estimated ship weight are screening inputs only; no packaging adder was invented. Verify a packed unit before activation.","No DIM-weight uplift indicated by recorded dimensions. Within the 130-in large-package screening threshold.","","Not proposed—requires origin ZIP, destination zone, negotiated account rate, and surcharge validation.","false","https://www.ups.com/us/en/support/shipping-support/shipping-dimensions-weight | https://www.ups.com/us/en/support/shipping-support/shipping-costs-rates/daily-rates"
"A102-02M","A102-02M","Tripp Lite by Eaton","small","0.18","1","1","7","5.5","0.65","Supplier dimensions and estimated ship weight are screening inputs only; no packaging adder was invented. Verify a packed unit before activation.","DIM weight 1 lb exceeds supplier estimated ship weight 0.18 lb. Within the 130-in large-package screening threshold.","","Not proposed—requires origin ZIP, destination zone, negotiated account rate, and surcharge validation.","false","https://www.ups.com/us/en/support/shipping-support/shipping-dimensions-weight | https://www.ups.com/us/en/support/shipping-support/shipping-costs-rates/daily-rates"
"A102-04M","A102-04M","Tripp Lite by Eaton","small","0.25","1","1","6.13","6.13","0.5","Supplier dimensions and estimated ship weight are screening inputs only; no packaging adder was invented. Verify a packed unit before activation.","DIM weight 1 lb exceeds supplier estimated ship weight 0.25 lb. Within the 130-in large-package screening threshold.","","Not proposed—requires origin ZIP, destination zone, negotiated account rate, and surcharge validation.","false","https://www.ups.com/us/en/support/shipping-support/shipping-dimensions-weight | https://www.ups.com/us/en/support/shipping-support/shipping-costs-rates/daily-rates"
"AVR750UNC","AVR750UNC","Tripp Lite by Eaton","medium","18.2","8","19","15.2","10.9","6.7","Supplier dimensions and estimated ship weight are screening inputs only; no packaging adder was invented. Verify a packed unit before activation.","No DIM-weight uplift indicated by recorded dimensions. Within the 130-in large-package screening threshold.","","Not proposed—requires origin ZIP, destination zone, negotiated account rate, and surcharge validation.","false","https://www.ups.com/us/en/support/shipping-support/shipping-dimensions-weight | https://www.ups.com/us/en/support/shipping-support/shipping-costs-rates/daily-rates"
"B118-008E-UHD-2","B118-008E-UHD-2","Tripp Lite by Eaton","small","2.65","3","3","14.2","6.1","3.4","Supplier dimensions and estimated ship weight are screening inputs only; no packaging adder was invented. Verify a packed unit before activation.","DIM weight 3 lb exceeds supplier estimated ship weight 2.65 lb. Within the 130-in large-package screening threshold.","","Not proposed—requires origin ZIP, destination zone, negotiated account rate, and surcharge validation.","false","https://www.ups.com/us/en/support/shipping-support/shipping-dimensions-weight | https://www.ups.com/us/en/support/shipping-support/shipping-costs-rates/daily-rates"
"BC600RNC","BC600RNC","Tripp Lite by Eaton","small","5.9","5","6","12.3","10.3","4.8","Supplier dimensions and estimated ship weight are screening inputs only; no packaging adder was invented. Verify a packed unit before activation.","No DIM-weight uplift indicated by recorded dimensions. Within the 130-in large-package screening threshold.","","Not proposed—requires origin ZIP, destination zone, negotiated account rate, and surcharge validation.","false","https://www.ups.com/us/en/support/shipping-support/shipping-dimensions-weight | https://www.ups.com/us/en/support/shipping-support/shipping-costs-rates/daily-rates"
"ISOBAR6 ULTRA","ISOBAR6 ULTRA","Tripp Lite by Eaton","small","2.91","2","3","11.7","7","3.1","Supplier dimensions and estimated ship weight are screening inputs only; no packaging adder was invented. Verify a packed unit before activation.","No DIM-weight uplift indicated by recorded dimensions. Within the 130-in large-package screening threshold.","","Not proposed—requires origin ZIP, destination zone, negotiated account rate, and surcharge validation.","false","https://www.ups.com/us/en/support/shipping-support/shipping-dimensions-weight | https://www.ups.com/us/en/support/shipping-support/shipping-costs-rates/daily-rates"
"LC1200","LC1200","Tripp Lite by Eaton","small","9.5","6","10","10.2","8.7","7.9","Supplier dimensions and estimated ship weight are screening inputs only; no packaging adder was invented. Verify a packed unit before activation.","No DIM-weight uplift indicated by recorded dimensions. Within the 130-in large-package screening threshold.","","Not proposed—requires origin ZIP, destination zone, negotiated account rate, and surcharge validation.","false","https://www.ups.com/us/en/support/shipping-support/shipping-dimensions-weight | https://www.ups.com/us/en/support/shipping-support/shipping-costs-rates/daily-rates"
"LC2400","LC2400","Tripp Lite by Eaton","medium","12.6","6","13","10.2","8.8","7.8","Supplier dimensions and estimated ship weight are screening inputs only; no packaging adder was invented. Verify a packed unit before activation.","No DIM-weight uplift indicated by recorded dimensions. Within the 130-in large-package screening threshold.","","Not proposed—requires origin ZIP, destination zone, negotiated account rate, and surcharge validation.","false","https://www.ups.com/us/en/support/shipping-support/shipping-dimensions-weight | https://www.ups.com/us/en/support/shipping-support/shipping-costs-rates/daily-rates"
"N001-025-BK","N001-025-BK","Tripp Lite by Eaton","small","0.64","1","1","7.25","7","1.75","Supplier dimensions and estimated ship weight are screening inputs only; no packaging adder was invented. Verify a packed unit before activation.","DIM weight 1 lb exceeds supplier estimated ship weight 0.64 lb. Within the 130-in large-package screening threshold.","","Not proposed—requires origin ZIP, destination zone, negotiated account rate, and surcharge validation.","false","https://www.ups.com/us/en/support/shipping-support/shipping-dimensions-weight | https://www.ups.com/us/en/support/shipping-support/shipping-costs-rates/daily-rates"
"N001-050-BK","N001-050-BK","Tripp Lite by Eaton","small","1.05","1","2","8.15","6","2","Supplier dimensions and estimated ship weight are screening inputs only; no packaging adder was invented. Verify a packed unit before activation.","No DIM-weight uplift indicated by recorded dimensions. Within the 130-in large-package screening threshold.","","Not proposed—requires origin ZIP, destination zone, negotiated account rate, and surcharge validation.","false","https://www.ups.com/us/en/support/shipping-support/shipping-dimensions-weight | https://www.ups.com/us/en/support/shipping-support/shipping-costs-rates/daily-rates"
"N032-001","N032-001","Tripp Lite by Eaton","small","0.15","1","1","2","1","0.5","Supplier dimensions and estimated ship weight are screening inputs only; no packaging adder was invented. Verify a packed unit before activation.","DIM weight 1 lb exceeds supplier estimated ship weight 0.15 lb. Within the 130-in large-package screening threshold.","","Not proposed—requires origin ZIP, destination zone, negotiated account rate, and surcharge validation.","false","https://www.ups.com/us/en/support/shipping-support/shipping-dimensions-weight | https://www.ups.com/us/en/support/shipping-support/shipping-costs-rates/daily-rates"
"N201-007-BL","N201-007-BL","Tripp Lite by Eaton","small","0.21","1","1","6.5","6","0.75","Supplier dimensions and estimated ship weight are screening inputs only; no packaging adder was invented. Verify a packed unit before activation.","DIM weight 1 lb exceeds supplier estimated ship weight 0.21 lb. Within the 130-in large-package screening threshold.","","Not proposed—requires origin ZIP, destination zone, negotiated account rate, and surcharge validation.","false","https://www.ups.com/us/en/support/shipping-support/shipping-dimensions-weight | https://www.ups.com/us/en/support/shipping-support/shipping-costs-rates/daily-rates"
"N201-007-WH","N201-007-WH","Tripp Lite by Eaton","small","0.33","1","1","7","6.5","1","Supplier dimensions and estimated ship weight are screening inputs only; no packaging adder was invented. Verify a packed unit before activation.","DIM weight 1 lb exceeds supplier estimated ship weight 0.33 lb. Within the 130-in large-package screening threshold.","","Not proposed—requires origin ZIP, destination zone, negotiated account rate, and surcharge validation.","false","https://www.ups.com/us/en/support/shipping-support/shipping-dimensions-weight | https://www.ups.com/us/en/support/shipping-support/shipping-costs-rates/daily-rates"
"N201-014-BL","N201-014-BL","Tripp Lite by Eaton","small","0.5","1","1","6.25","5.5","0.75","Supplier dimensions and estimated ship weight are screening inputs only; no packaging adder was invented. Verify a packed unit before activation.","DIM weight 1 lb exceeds supplier estimated ship weight 0.5 lb. Within the 130-in large-package screening threshold.","","Not proposed—requires origin ZIP, destination zone, negotiated account rate, and surcharge validation.","false","https://www.ups.com/us/en/support/shipping-support/shipping-dimensions-weight | https://www.ups.com/us/en/support/shipping-support/shipping-costs-rates/daily-rates"
"N201-025-BL","N201-025-BL","Tripp Lite by Eaton","small","0.8","1","1","7","6","1.5","Supplier dimensions and estimated ship weight are screening inputs only; no packaging adder was invented. Verify a packed unit before activation.","DIM weight 1 lb exceeds supplier estimated ship weight 0.8 lb. Within the 130-in large-package screening threshold.","","Not proposed—requires origin ZIP, destination zone, negotiated account rate, and surcharge validation.","false","https://www.ups.com/us/en/support/shipping-support/shipping-dimensions-weight | https://www.ups.com/us/en/support/shipping-support/shipping-costs-rates/daily-rates"
"N201-050-BL","N201-050-BL","Tripp Lite by Eaton","small","1.31","1","2","8","8","2","Supplier dimensions and estimated ship weight are screening inputs only; no packaging adder was invented. Verify a packed unit before activation.","No DIM-weight uplift indicated by recorded dimensions. Within the 130-in large-package screening threshold.","","Not proposed—requires origin ZIP, destination zone, negotiated account rate, and surcharge validation.","false","https://www.ups.com/us/en/support/shipping-support/shipping-dimensions-weight | https://www.ups.com/us/en/support/shipping-support/shipping-costs-rates/daily-rates"
"N201-100-BL","N201-100-BL","Tripp Lite by Eaton","small","2.76","2","3","10","8.5","2.85","Supplier dimensions and estimated ship weight are screening inputs only; no packaging adder was invented. Verify a packed unit before activation.","No DIM-weight uplift indicated by recorded dimensions. Within the 130-in large-package screening threshold.","","Not proposed—requires origin ZIP, destination zone, negotiated account rate, and surcharge validation.","false","https://www.ups.com/us/en/support/shipping-support/shipping-dimensions-weight | https://www.ups.com/us/en/support/shipping-support/shipping-costs-rates/daily-rates"
"N201-015-BL","N201-015-BL","Tripp Lite by Eaton","small","0.4","1","1","6.5","6.5","0.9","Supplier dimensions and estimated ship weight are screening inputs only; no packaging adder was invented. Verify a packed unit before activation.","DIM weight 1 lb exceeds supplier estimated ship weight 0.4 lb. Within the 130-in large-package screening threshold.","","Not proposed—requires origin ZIP, destination zone, negotiated account rate, and surcharge validation.","false","https://www.ups.com/us/en/support/shipping-support/shipping-dimensions-weight | https://www.ups.com/us/en/support/shipping-support/shipping-costs-rates/daily-rates"
"P131-06N","P131-06N","Tripp Lite by Eaton","small","0.2","1","1","4","2.75","1","Supplier dimensions and estimated ship weight are screening inputs only; no packaging adder was invented. Verify a packed unit before activation.","DIM weight 1 lb exceeds supplier estimated ship weight 0.2 lb. Within the 130-in large-package screening threshold.","","Not proposed—requires origin ZIP, destination zone, negotiated account rate, and surcharge validation.","false","https://www.ups.com/us/en/support/shipping-support/shipping-dimensions-weight | https://www.ups.com/us/en/support/shipping-support/shipping-costs-rates/daily-rates"
"P502-006","P502-006","Tripp Lite by Eaton","small","0.65","1","1","8","6.5","1.5","Supplier dimensions and estimated ship weight are screening inputs only; no packaging adder was invented. Verify a packed unit before activation.","DIM weight 1 lb exceeds supplier estimated ship weight 0.65 lb. Within the 130-in large-package screening threshold.","","Not proposed—requires origin ZIP, destination zone, negotiated account rate, and surcharge validation.","false","https://www.ups.com/us/en/support/shipping-support/shipping-dimensions-weight | https://www.ups.com/us/en/support/shipping-support/shipping-costs-rates/daily-rates"
"P569-006-MF","P569-006-MF","Tripp Lite by Eaton","small","0.3","1","1","5.25","4.4","0.7","Supplier dimensions and estimated ship weight are screening inputs only; no packaging adder was invented. Verify a packed unit before activation.","DIM weight 1 lb exceeds supplier estimated ship weight 0.3 lb. Within the 130-in large-package screening threshold.","","Not proposed—requires origin ZIP, destination zone, negotiated account rate, and surcharge validation.","false","https://www.ups.com/us/en/support/shipping-support/shipping-dimensions-weight | https://www.ups.com/us/en/support/shipping-support/shipping-costs-rates/daily-rates"
"P570-006-MICRO","P570-006-MICRO","Tripp Lite by Eaton","small","0.25","1","1","7.75","6.5","0.4","Supplier dimensions and estimated ship weight are screening inputs only; no packaging adder was invented. Verify a packed unit before activation.","DIM weight 1 lb exceeds supplier estimated ship weight 0.25 lb. Within the 130-in large-package screening threshold.","","Not proposed—requires origin ZIP, destination zone, negotiated account rate, and surcharge validation.","false","https://www.ups.com/us/en/support/shipping-support/shipping-dimensions-weight | https://www.ups.com/us/en/support/shipping-support/shipping-costs-rates/daily-rates"
"SMART1200XLHG","SMART1200XLHG","Tripp Lite by Eaton","large","48.2","19","49","17","13.1","11.4","Supplier dimensions and estimated ship weight are screening inputs only; no packaging adder was invented. Verify a packed unit before activation.","No DIM-weight uplift indicated by recorded dimensions. Within the 130-in large-package screening threshold.","","Not proposed—requires origin ZIP, destination zone, negotiated account rate, and surcharge validation.","false","https://www.ups.com/us/en/support/shipping-support/shipping-dimensions-weight | https://www.ups.com/us/en/support/shipping-support/shipping-costs-rates/daily-rates"
"SMART1500LCD","SMART1500LCD","Tripp Lite by Eaton","medium","32.55","18","33","21.7","15.2","7.5","Supplier dimensions and estimated ship weight are screening inputs only; no packaging adder was invented. Verify a packed unit before activation.","No DIM-weight uplift indicated by recorded dimensions. Within the 130-in large-package screening threshold.","","Not proposed—requires origin ZIP, destination zone, negotiated account rate, and surcharge validation.","false","https://www.ups.com/us/en/support/shipping-support/shipping-dimensions-weight | https://www.ups.com/us/en/support/shipping-support/shipping-costs-rates/daily-rates"
"SPIKECUBE","SPIKECUBE","Tripp Lite by Eaton","small","0.42","1","1","6.5","4","2.25","Supplier dimensions and estimated ship weight are screening inputs only; no packaging adder was invented. Verify a packed unit before activation.","DIM weight 1 lb exceeds supplier estimated ship weight 0.42 lb. Within the 130-in large-package screening threshold.","","Not proposed—requires origin ZIP, destination zone, negotiated account rate, and surcharge validation.","false","https://www.ups.com/us/en/support/shipping-support/shipping-dimensions-weight | https://www.ups.com/us/en/support/shipping-support/shipping-costs-rates/daily-rates"
"SUPER7","SUPER7","Tripp Lite by Eaton","small","1.66","1","2","13.4","5.9","1.7","Supplier dimensions and estimated ship weight are screening inputs only; no packaging adder was invented. Verify a packed unit before activation.","No DIM-weight uplift indicated by recorded dimensions. Within the 130-in large-package screening threshold.","","Not proposed—requires origin ZIP, destination zone, negotiated account rate, and surcharge validation.","false","https://www.ups.com/us/en/support/shipping-support/shipping-dimensions-weight | https://www.ups.com/us/en/support/shipping-support/shipping-costs-rates/daily-rates"
"SUPER725B","SUPER725B","Tripp Lite by Eaton","small","3.37","2","4","13.45","9.1","1.9","Supplier dimensions and estimated ship weight are screening inputs only; no packaging adder was invented. Verify a packed unit before activation.","No DIM-weight uplift indicated by recorded dimensions. Within the 130-in large-package screening threshold.","","Not proposed—requires origin ZIP, destination zone, negotiated account rate, and surcharge validation.","false","https://www.ups.com/us/en/support/shipping-support/shipping-dimensions-weight | https://www.ups.com/us/en/support/shipping-support/shipping-costs-rates/daily-rates"
"SUPER7B","SUPER7B","Tripp Lite by Eaton","small","1.63","1","2","12.6","5.9","1.85","Supplier dimensions and estimated ship weight are screening inputs only; no packaging adder was invented. Verify a packed unit before activation.","No DIM-weight uplift indicated by recorded dimensions. Within the 130-in large-package screening threshold.","","Not proposed—requires origin ZIP, destination zone, negotiated account rate, and surcharge validation.","false","https://www.ups.com/us/en/support/shipping-support/shipping-dimensions-weight | https://www.ups.com/us/en/support/shipping-support/shipping-costs-rates/daily-rates"
"SWIVEL6USB","SWIVEL6USB","Tripp Lite by Eaton","small","1","1","1","7.7","4.45","2.55","Supplier dimensions and estimated ship weight are screening inputs only; no packaging adder was invented. Verify a packed unit before activation.","No DIM-weight uplift indicated by recorded dimensions. Within the 130-in large-package screening threshold.","","Not proposed—requires origin ZIP, destination zone, negotiated account rate, and surcharge validation.","false","https://www.ups.com/us/en/support/shipping-support/shipping-dimensions-weight | https://www.ups.com/us/en/support/shipping-support/shipping-costs-rates/daily-rates"
"TLM609SA","TLM609SA","Tripp Lite by Eaton","small","2.08","2","3","15.8","5.1","1.8","Supplier dimensions and estimated ship weight are screening inputs only; no packaging adder was invented. Verify a packed unit before activation.","No DIM-weight uplift indicated by recorded dimensions. Within the 130-in large-package screening threshold.","","Not proposed—requires origin ZIP, destination zone, negotiated account rate, and surcharge validation.","false","https://www.ups.com/us/en/support/shipping-support/shipping-dimensions-weight | https://www.ups.com/us/en/support/shipping-support/shipping-costs-rates/daily-rates"
"TLM615SA","TLM615SA","Tripp Lite by Eaton","small","2.7","2","3","16","5.5","1.9","Supplier dimensions and estimated ship weight are screening inputs only; no packaging adder was invented. Verify a packed unit before activation.","No DIM-weight uplift indicated by recorded dimensions. Within the 130-in large-package screening threshold.","","Not proposed—requires origin ZIP, destination zone, negotiated account rate, and surcharge validation.","false","https://www.ups.com/us/en/support/shipping-support/shipping-dimensions-weight | https://www.ups.com/us/en/support/shipping-support/shipping-costs-rates/daily-rates"
"TLP1006B","TLP1006B","Tripp Lite by Eaton","small","2.09","2","3","12.8","8.8","1.6","Supplier dimensions and estimated ship weight are screening inputs only; no packaging adder was invented. Verify a packed unit before activation.","No DIM-weight uplift indicated by recorded dimensions. Within the 130-in large-package screening threshold.","","Not proposed—requires origin ZIP, destination zone, negotiated account rate, and surcharge validation.","false","https://www.ups.com/us/en/support/shipping-support/shipping-dimensions-weight | https://www.ups.com/us/en/support/shipping-support/shipping-costs-rates/daily-rates"
"TLP1208SAT","TLP1208SAT","Tripp Lite by Eaton","small","2.94","2","3","13.7","8.6","2.2","Supplier dimensions and estimated ship weight are screening inputs only; no packaging adder was invented. Verify a packed unit before activation.","No DIM-weight uplift indicated by recorded dimensions. Within the 130-in large-package screening threshold.","","Not proposed—requires origin ZIP, destination zone, negotiated account rate, and surcharge validation.","false","https://www.ups.com/us/en/support/shipping-support/shipping-dimensions-weight | https://www.ups.com/us/en/support/shipping-support/shipping-costs-rates/daily-rates"
"TLP1208TEL","TLP1208TEL","Tripp Lite by Eaton","small","2.43","2","3","14","8.7","2.2","Supplier dimensions and estimated ship weight are screening inputs only; no packaging adder was invented. Verify a packed unit before activation.","No DIM-weight uplift indicated by recorded dimensions. Within the 130-in large-package screening threshold.","","Not proposed—requires origin ZIP, destination zone, negotiated account rate, and surcharge validation.","false","https://www.ups.com/us/en/support/shipping-support/shipping-dimensions-weight | https://www.ups.com/us/en/support/shipping-support/shipping-costs-rates/daily-rates"
"TLP128TTUSBB","TLP128TTUSBB","Tripp Lite by Eaton","small","2.97","2","3","16","7.9","1.7","Supplier dimensions and estimated ship weight are screening inputs only; no packaging adder was invented. Verify a packed unit before activation.","No DIM-weight uplift indicated by recorded dimensions. Within the 130-in large-package screening threshold.","","Not proposed—requires origin ZIP, destination zone, negotiated account rate, and surcharge validation.","false","https://www.ups.com/us/en/support/shipping-support/shipping-dimensions-weight | https://www.ups.com/us/en/support/shipping-support/shipping-costs-rates/daily-rates"
"TLP310USBC","TLP310USBC","Tripp Lite by Eaton","small","2.68","2","3","8.2","5.5","4.4","Supplier dimensions and estimated ship weight are screening inputs only; no packaging adder was invented. Verify a packed unit before activation.","No DIM-weight uplift indicated by recorded dimensions. Within the 130-in large-package screening threshold.","","Not proposed—requires origin ZIP, destination zone, negotiated account rate, and surcharge validation.","false","https://www.ups.com/us/en/support/shipping-support/shipping-dimensions-weight | https://www.ups.com/us/en/support/shipping-support/shipping-costs-rates/daily-rates"
"TLP4BK","TLP4BK","Tripp Lite by Eaton","small","0.47","1","1","8.25","5.25","1.5","Supplier dimensions and estimated ship weight are screening inputs only; no packaging adder was invented. Verify a packed unit before activation.","DIM weight 1 lb exceeds supplier estimated ship weight 0.47 lb. Within the 130-in large-package screening threshold.","","Not proposed—requires origin ZIP, destination zone, negotiated account rate, and surcharge validation.","false","https://www.ups.com/us/en/support/shipping-support/shipping-dimensions-weight | https://www.ups.com/us/en/support/shipping-support/shipping-costs-rates/daily-rates"
"TLP604","TLP604","Tripp Lite by Eaton","small","0.96","1","1","12.9","4.8","1.7","Supplier dimensions and estimated ship weight are screening inputs only; no packaging adder was invented. Verify a packed unit before activation.","DIM weight 1 lb exceeds supplier estimated ship weight 0.96 lb. Within the 130-in large-package screening threshold.","","Not proposed—requires origin ZIP, destination zone, negotiated account rate, and surcharge validation.","false","https://www.ups.com/us/en/support/shipping-support/shipping-dimensions-weight | https://www.ups.com/us/en/support/shipping-support/shipping-costs-rates/daily-rates"
"TLP606DMUSB","TLP606DMUSB","Tripp Lite by Eaton","small","2.24","3","3","16.63","5.75","3.25","Supplier dimensions and estimated ship weight are screening inputs only; no packaging adder was invented. Verify a packed unit before activation.","DIM weight 3 lb exceeds supplier estimated ship weight 2.24 lb. Within the 130-in large-package screening threshold.","","Not proposed—requires origin ZIP, destination zone, negotiated account rate, and surcharge validation.","false","https://www.ups.com/us/en/support/shipping-support/shipping-dimensions-weight | https://www.ups.com/us/en/support/shipping-support/shipping-costs-rates/daily-rates"
"TLP610U30CLAMPB","TLP610U30CLAMPB","Tripp Lite by Eaton","small","2.53","2","3","12.9","7.6","2.2","Supplier dimensions and estimated ship weight are screening inputs only; no packaging adder was invented. Verify a packed unit before activation.","No DIM-weight uplift indicated by recorded dimensions. Within the 130-in large-package screening threshold.","","Not proposed—requires origin ZIP, destination zone, negotiated account rate, and surcharge validation.","false","https://www.ups.com/us/en/support/shipping-support/shipping-dimensions-weight | https://www.ups.com/us/en/support/shipping-support/shipping-costs-rates/daily-rates"
"TLP648USBC","TLP648USBC","Tripp Lite by Eaton","small","2.01","2","3","6.8","5.6","4.8","Supplier dimensions and estimated ship weight are screening inputs only; no packaging adder was invented. Verify a packed unit before activation.","No DIM-weight uplift indicated by recorded dimensions. Within the 130-in large-package screening threshold.","","Not proposed—requires origin ZIP, destination zone, negotiated account rate, and surcharge validation.","false","https://www.ups.com/us/en/support/shipping-support/shipping-dimensions-weight | https://www.ups.com/us/en/support/shipping-support/shipping-costs-rates/daily-rates"
"TLP6B","TLP6B","Tripp Lite by Eaton","small","1.05","1","2","11","4.5","1.5","Supplier dimensions and estimated ship weight are screening inputs only; no packaging adder was invented. Verify a packed unit before activation.","No DIM-weight uplift indicated by recorded dimensions. Within the 130-in large-package screening threshold.","","Not proposed—requires origin ZIP, destination zone, negotiated account rate, and surcharge validation.","false","https://www.ups.com/us/en/support/shipping-support/shipping-dimensions-weight | https://www.ups.com/us/en/support/shipping-support/shipping-costs-rates/daily-rates"
"TLP74RB","TLP74RB","Tripp Lite by Eaton","small","1.16","1","2","13.8","4.4","1.9","Supplier dimensions and estimated ship weight are screening inputs only; no packaging adder was invented. Verify a packed unit before activation.","No DIM-weight uplift indicated by recorded dimensions. Within the 130-in large-package screening threshold.","","Not proposed—requires origin ZIP, destination zone, negotiated account rate, and surcharge validation.","false","https://www.ups.com/us/en/support/shipping-support/shipping-dimensions-weight | https://www.ups.com/us/en/support/shipping-support/shipping-costs-rates/daily-rates"
"TLP76MSG","TLP76MSG","Tripp Lite by Eaton","small","2.25","2","3","17.1","4.2","2.1","Supplier dimensions and estimated ship weight are screening inputs only; no packaging adder was invented. Verify a packed unit before activation.","No DIM-weight uplift indicated by recorded dimensions. Within the 130-in large-package screening threshold.","","Not proposed—requires origin ZIP, destination zone, negotiated account rate, and surcharge validation.","false","https://www.ups.com/us/en/support/shipping-support/shipping-dimensions-weight | https://www.ups.com/us/en/support/shipping-support/shipping-costs-rates/daily-rates"
"TLP76MSGB","TLP76MSGB","Tripp Lite by Eaton","small","2.25","2","3","17.3","4.2","2.1","Supplier dimensions and estimated ship weight are screening inputs only; no packaging adder was invented. Verify a packed unit before activation.","No DIM-weight uplift indicated by recorded dimensions. Within the 130-in large-package screening threshold.","","Not proposed—requires origin ZIP, destination zone, negotiated account rate, and surcharge validation.","false","https://www.ups.com/us/en/support/shipping-support/shipping-dimensions-weight | https://www.ups.com/us/en/support/shipping-support/shipping-costs-rates/daily-rates"
"TLP808B","TLP808B","Tripp Lite by Eaton","small","2","2","2","11.7","7.5","2.2","Supplier dimensions and estimated ship weight are screening inputs only; no packaging adder was invented. Verify a packed unit before activation.","No DIM-weight uplift indicated by recorded dimensions. Within the 130-in large-package screening threshold.","","Not proposed—requires origin ZIP, destination zone, negotiated account rate, and surcharge validation.","false","https://www.ups.com/us/en/support/shipping-support/shipping-dimensions-weight | https://www.ups.com/us/en/support/shipping-support/shipping-costs-rates/daily-rates"
"TLP810NET","TLP810NET","Tripp Lite by Eaton","small","2.73","2","3","11.9","8.6","2.2","Supplier dimensions and estimated ship weight are screening inputs only; no packaging adder was invented. Verify a packed unit before activation.","No DIM-weight uplift indicated by recorded dimensions. Within the 130-in large-package screening threshold.","","Not proposed—requires origin ZIP, destination zone, negotiated account rate, and surcharge validation.","false","https://www.ups.com/us/en/support/shipping-support/shipping-dimensions-weight | https://www.ups.com/us/en/support/shipping-support/shipping-costs-rates/daily-rates"
"TLP864USBB","TLP864USBB","Tripp Lite by Eaton","small","1.61","1","2","12.3","6.7","1.6","Supplier dimensions and estimated ship weight are screening inputs only; no packaging adder was invented. Verify a packed unit before activation.","No DIM-weight uplift indicated by recorded dimensions. Within the 130-in large-package screening threshold.","","Not proposed—requires origin ZIP, destination zone, negotiated account rate, and surcharge validation.","false","https://www.ups.com/us/en/support/shipping-support/shipping-dimensions-weight | https://www.ups.com/us/en/support/shipping-support/shipping-costs-rates/daily-rates"
"TLP88TUSBB","TLP88TUSBB","Tripp Lite by Eaton","small","1.8","1","2","12.25","7.1","1.5","Supplier dimensions and estimated ship weight are screening inputs only; no packaging adder was invented. Verify a packed unit before activation.","No DIM-weight uplift indicated by recorded dimensions. Within the 130-in large-package screening threshold.","","Not proposed—requires origin ZIP, destination zone, negotiated account rate, and surcharge validation.","false","https://www.ups.com/us/en/support/shipping-support/shipping-dimensions-weight | https://www.ups.com/us/en/support/shipping-support/shipping-costs-rates/daily-rates"
"U236-000-R","U236-000-R","Tripp Lite by Eaton","small","0.25","1","1","5.2","5.2","0.9","Supplier dimensions and estimated ship weight are screening inputs only; no packaging adder was invented. Verify a packed unit before activation.","DIM weight 1 lb exceeds supplier estimated ship weight 0.25 lb. Within the 130-in large-package screening threshold.","","Not proposed—requires origin ZIP, destination zone, negotiated account rate, and surcharge validation.","false","https://www.ups.com/us/en/support/shipping-support/shipping-dimensions-weight | https://www.ups.com/us/en/support/shipping-support/shipping-costs-rates/daily-rates"
"U436-06N-GBW","U436-06N-GBW","Tripp Lite by Eaton","small","0.2","1","1","4.7","4.1","0.9","Supplier dimensions and estimated ship weight are screening inputs only; no packaging adder was invented. Verify a packed unit before activation.","DIM weight 1 lb exceeds supplier estimated ship weight 0.2 lb. Within the 130-in large-package screening threshold.","","Not proposed—requires origin ZIP, destination zone, negotiated account rate, and surcharge validation.","false","https://www.ups.com/us/en/support/shipping-support/shipping-dimensions-weight | https://www.ups.com/us/en/support/shipping-support/shipping-costs-rates/daily-rates"
"DS6101","DS6101","Vtech","small","0.83","1","1","8.6","5.2","2.4","Supplier dimensions and estimated ship weight are screening inputs only; no packaging adder was invented. Verify a packed unit before activation.","DIM weight 1 lb exceeds supplier estimated ship weight 0.83 lb. Within the 130-in large-package screening threshold.","","Not proposed—requires origin ZIP, destination zone, negotiated account rate, and surcharge validation.","false","https://www.ups.com/us/en/support/shipping-support/shipping-dimensions-weight | https://www.ups.com/us/en/support/shipping-support/shipping-costs-rates/daily-rates"
"DS6151","DS6151","Vtech","small","2.33","2","3","8.9","5.8","4.7","Supplier dimensions and estimated ship weight are screening inputs only; no packaging adder was invented. Verify a packed unit before activation.","No DIM-weight uplift indicated by recorded dimensions. Within the 130-in large-package screening threshold.","","Not proposed—requires origin ZIP, destination zone, negotiated account rate, and surcharge validation.","false","https://www.ups.com/us/en/support/shipping-support/shipping-dimensions-weight | https://www.ups.com/us/en/support/shipping-support/shipping-costs-rates/daily-rates"
"FL-1000","FL-1000","Winegard","small","0.42","1","1","9","6.5","1","Supplier dimensions and estimated ship weight are screening inputs only; no packaging adder was invented. Verify a packed unit before activation.","DIM weight 1 lb exceeds supplier estimated ship weight 0.42 lb. Within the 130-in large-package screening threshold.","","Not proposed—requires origin ZIP, destination zone, negotiated account rate, and surcharge validation.","false","https://www.ups.com/us/en/support/shipping-support/shipping-dimensions-weight | https://www.ups.com/us/en/support/shipping-support/shipping-costs-rates/daily-rates"
"HD8200U","HD8200U","Winegard","oversize","33.33","34","34","94","7.7","6.4","Supplier dimensions and estimated ship weight are screening inputs only; no packaging adder was invented. Verify a packed unit before activation.","DIM weight 34 lb exceeds supplier estimated ship weight 33.33 lb. Within the 130-in large-package screening threshold.","","Not proposed—requires origin ZIP, destination zone, negotiated account rate, and surcharge validation.","true","https://www.ups.com/us/en/support/shipping-support/shipping-dimensions-weight | https://www.ups.com/us/en/support/shipping-support/shipping-costs-rates/daily-rates"
"TB-0005","TB-0005","Winegard","large","4.25","1","5","60","1.3","1.3","Supplier dimensions and estimated ship weight are screening inputs only; no packaging adder was invented. Verify a packed unit before activation.","No DIM-weight uplift indicated by recorded dimensions. Within the 130-in large-package screening threshold.","","Not proposed—requires origin ZIP, destination zone, negotiated account rate, and surcharge validation.","false","https://www.ups.com/us/en/support/shipping-support/shipping-dimensions-weight | https://www.ups.com/us/en/support/shipping-support/shipping-costs-rates/daily-rates"
"WM-2040","WM-2040","Winegard","small","1.75","1","2","12","6.5","1.5","Supplier dimensions and estimated ship weight are screening inputs only; no packaging adder was invented. Verify a packed unit before activation.","No DIM-weight uplift indicated by recorded dimensions. Within the 130-in large-package screening threshold.","","Not proposed—requires origin ZIP, destination zone, negotiated account rate, and surcharge validation.","false","https://www.ups.com/us/en/support/shipping-support/shipping-dimensions-weight | https://www.ups.com/us/en/support/shipping-support/shipping-costs-rates/daily-rates"
"314475","314475","Wilson Electronics","small","2.65","3","3","13","8.6","3.3","Supplier dimensions and estimated ship weight are screening inputs only; no packaging adder was invented. Verify a packed unit before activation.","DIM weight 3 lb exceeds supplier estimated ship weight 2.65 lb. Within the 130-in large-package screening threshold.","","Not proposed—requires origin ZIP, destination zone, negotiated account rate, and surcharge validation.","false","https://www.ups.com/us/en/support/shipping-support/shipping-dimensions-weight | https://www.ups.com/us/en/support/shipping-support/shipping-costs-rates/daily-rates"
